-0.167190735,-0.180196943,-0.025423729,0.085680798,-0.094448605,-0.080335058,-0.051526069,-0.03698392,-0.348109518
0.24457397,0.312265369,-0.041817171,-0.207248495,-0.094448605,-0.129515386,0.08553627,-0.020317253,0.651890482
-0.167190735,-0.16009644,-0.025423729,0.025074737,0.016662506,-0.057980364,-0.130091398,-0.203650587,-0.348109518
-0.226014265,0.08110959,-0.238538483,0.146286858,0.104132955,0.165566581,0.77554481,-0.003650587,0.651890482
0.068103382,-0.024418049,0.040150042,-0.207248495,-0.094448605,-0.095238188,-0.115573892,-0.053650587,-0.348109518
-0.049543677,-0.215372822,-0.15657127,0.115983828,0.009570307,-0.014761288,-0.095505574,-0.120317253,0.651890482
0.362221029,-0.029443174,-0.566407335,-0.207248495,-0.094448605,0.04932217,-0.144181919,-0.070317253,-0.348109518
-0.108367206,0.382617127,0.007363156,0.247296959,0.547395366,-0.022212852,-0.133934268,0.329682747,0.651890482
0.24457397,0.020808082,0.220477911,-0.207248495,-0.094448605,-0.476758307,-0.102337342,0.346349413,0.651890482
0.009279853,-0.054568802,0.187691025,-0.207248495,-0.094448605,0.083599368,-0.119843747,-0.053650587,-0.348109518
0.362221029,0.236888484,0.040150042,-0.207248495,-0.094448605,0.08956062,0.02789323,0.01301608,0.651890482
0.362221029,0.091159841,0.08933037,-0.207248495,-0.094448605,-0.072883493,0.413888106,0.396349413,-0.348109518
-0.167190735,0.342416122,-0.074604057,0.025074737,0.905551395,-0.028174104,-0.031457752,0.429682747,0.651890482
0.068103382,0.226838233,0.023756599,-0.015329303,0.112407187,-0.092257562,0.049242504,0.296349413,0.651890482
0.185750441,-0.104820059,-0.566407335,-0.207248495,-0.094448605,-0.029664417,0.005263,-0.020317253,0.651890482
-0.226014265,-0.014367797,0.122117255,0.267498979,0.177419007,0.205805031,0.033871027,-0.03698392,0.651890482
0.185750441,-0.069644179,0.040150042,-0.207248495,-0.094448605,-0.035625669,-0.092943661,-0.03698392,0.651890482
-0.167190735,-0.089744682,-0.320505696,0.176589888,0.003660142,0.168547207,-0.123259631,-0.003650587,-0.348109518
-0.167190735,-0.029443174,0.007363156,0.095781808,0.019026572,0.038889979,0.024477346,-0.020317253,0.651890482
-0.049543677,0.025833208,0.15490414,0.206892919,0.183329172,0.108934689,0.099199806,-0.103650587,-0.348109518
0.24457397,-0.109845184,0.122117255,-0.207248495,-0.094448605,0.050812483,-0.035727607,0.279682747,-0.348109518
0.185750441,0.377592002,0.171297583,-0.207248495,-0.094448605,0.116386253,-0.008827521,0.129682747,0.651890482
0.3033975,-0.009342672,0.08933037,0.146286858,-0.094448605,-0.044567547,-0.089100792,-0.070317253,0.651890482
0.421044559,0.111260343,0.204084468,0.126084838,0.078128227,0.068696238,-0.092943661,0.296349413,0.651890482
0.362221029,0.020808082,0.007363156,0.055377767,0.041485201,-0.013270975,-0.11386595,0.129682747,0.651890482
0.185750441,0.131360846,0.056543484,-0.207248495,-0.094448605,0.110425002,-0.091662705,0.16301608,0.651890482
-0.167190735,-0.119895435,-0.025423729,-0.055733344,0.071036028,-0.131005699,0.006543956,-0.18698392,-0.348109518
0.538691617,0.121310595,0.105723812,-0.015329303,0.035575035,-0.145908829,-0.096786531,0.396349413,-0.348109518
0.068103382,-0.019392923,0.187691025,-0.207248495,-0.094448605,0.031438414,-0.057503866,0.079682747,-0.348109518
0.068103382,-0.059593928,0.048346763,0.055377767,-0.094448605,0.059754361,0.0317361,0.446349413,-0.348109518
-0.049543677,0.186637228,0.056543484,0.156387868,0.195149503,-0.00581941,0.161966672,-0.08698392,0.651890482
-0.049543677,-0.165121566,-0.090997499,-0.096137384,-0.030618818,-0.107160691,-0.08739285,-0.18698392,-0.348109518
0.126926912,-0.145021064,0.187691025,-0.207248495,-0.094448605,-0.180186027,-0.121124703,-0.08698392,-0.348109518
0.362221029,0.005732705,0.072936927,0.105882818,-0.094448605,-0.065431928,0.017218593,0.196349413,-0.348109518
0.009279853,-0.089744682,-0.074604057,0.126084838,0.132501749,-0.119083195,0.211070002,-0.003650587,-0.348109518
0.421044559,0.086134715,0.056543484,-0.207248495,-0.094448605,0.018025598,-0.022064071,0.029682747,-0.348109518
0.3033975,-0.094769807,0.056543484,0.166488878,-0.094448605,0.013554659,0.082547372,0.21301608,0.651890482
-0.108367206,-0.155071315,-0.009030286,0.216993929,-0.094448605,0.092541246,0.013375724,-0.103650587,0.651890482
0.009279853,-0.049543677,0.023756599,0.267498979,0.150232246,0.076147803,0.392111847,0.379682747,0.651890482
-0.049543677,0.297189992,-0.041817171,0.045276757,-0.011706289,0.029948101,-0.085684908,-0.120317253,-0.348109518
0.185750441,0.061009087,0.122117255,-0.207248495,-0.094448605,0.122347505,0.095783922,0.06301608,-0.348109518
0.185750441,-0.074669305,0.187691025,-0.025430314,-0.094448605,-0.138457264,-0.101056385,0.246349413,-0.348109518
0.3033975,0.251963861,0.335232009,0.035175747,0.189239338,0.199843779,0.106458559,0.346349413,0.651890482
0.185750441,0.191662353,-0.041817171,-0.207248495,-0.094448605,-0.068412554,-0.075864242,0.11301608,-0.348109518
-0.226014265,0.297189992,-0.025423729,0.186690899,-0.094448605,0.149173139,0.606885545,-0.13698392,0.651890482
-0.167190735,0.12633572,-0.107390942,-0.207248495,-0.094448605,-0.034135356,0.039421838,-0.070317253,-0.348109518
-0.108367206,-0.250548702,0.007363156,0.065478777,-0.094448605,-0.059470677,0.048815519,-0.18698392,-0.348109518
0.185750441,-0.089744682,-0.025423729,0.115983828,-0.094448605,0.105954063,-0.054514968,-0.03698392,0.651890482
0.185750441,-0.07969443,-0.566407335,-0.207248495,-0.094448605,-0.476758307,-0.071167402,-0.153650587,-0.348109518
-0.167190735,-0.089744682,0.08933037,-0.096137384,0.002478109,-0.187637592,0.008251898,-0.18698392,-0.348109518
-0.167190735,-0.099794933,-0.15657127,-0.055733344,-0.051895414,-0.116102569,0.02319639,-0.120317253,-0.348109518
0.068103382,-0.165121566,-0.025423729,0.004872717,-0.067261844,-0.113121943,-0.055368939,-0.053650587,-0.348109518
0.24457397,0.277089489,0.171297583,0.136185848,0.260161324,0.025477162,-0.001995754,0.41301608,0.651890482
0.185750441,0.146436223,-0.025423729,0.216993929,0.309806714,0.040380292,0.105177603,0.146349413,-0.348109518
-0.167190735,-0.240498451,-0.15657127,-0.106238394,-0.094448605,-0.133986325,-0.095505574,-0.203650587,-0.348109518
0.185750441,0.332365871,-0.009030286,0.186690899,0.264889456,0.085089681,-0.092943661,0.129682747,0.651890482
-0.226014265,-0.104820059,0.15490414,0.398812111,0.035575035,0.220708161,0.20936206,-0.03698392,-0.348109518
-0.226014265,0.12633572,0.105723812,-0.207248495,-0.094448605,0.126818444,0.55906317,0.179682747,-0.348109518
-0.226014265,-0.07969443,-0.041817171,0.206892919,0.073400094,0.141721574,-0.127529485,-0.18698392,-0.348109518
-0.108367206,-0.185222069,-0.566407335,-0.207248495,-0.094448605,-0.476758307,-0.071594387,-0.203650587,-0.348109518
0.24457397,0.061009087,0.023756599,-0.207248495,-0.094448605,0.013554659,-0.086111894,0.096349413,0.651890482
0.068103382,-0.386227094,-0.058210614,-0.207248495,-0.094448605,-0.104180066,0.049242504,0.046349413,-0.348109518
-0.108367206,0.101210092,-0.090997499,0.136185848,0.056851631,-0.098218814,0.097064878,-0.153650587,-0.348109518
0.185750441,-0.0344683,-0.025423729,-0.207248495,-0.094448605,0.012064346,-0.091235719,0.146349413,0.651890482
0.068103382,-0.109845184,0.040150042,0.065478777,-0.094448605,-0.044567547,-0.114719921,-0.020317253,-0.348109518
-0.226014265,-0.059593928,0.15490414,0.095781808,-0.094448605,0.007593407,0.163674614,0.079682747,0.651890482
-0.108367206,-0.059593928,0.187691025,-0.207248495,-0.094448605,0.159605329,0.159404759,0.346349413,-0.348109518
-0.167190735,-0.129945687,-0.025423729,-0.075935364,-0.049531348,-0.184656966,-0.058784823,-0.13698392,-0.348109518
0.009279853,0.12633572,0.130313976,0.065478777,0.023754704,-0.04605786,-0.120697718,-0.103650587,-0.348109518
-0.108367206,-0.104820059,-0.025423729,-0.005228293,0.011934373,0.013554659,0.168798439,-0.08698392,0.651890482
0.068103382,0.091159841,-0.041817171,0.146286858,0.071036028,-0.050528799,-0.025906941,-0.120317253,-0.348109518
0.538691617,0.025833208,0.171297583,-0.207248495,-0.094448605,0.17003752,0.047534562,0.146349413,0.651890482
0.009279853,0.040908585,0.138510697,-0.005228293,0.224700331,0.046341544,-0.102764327,-0.170317253,-0.348109518
-0.167190735,-0.210347697,0.048346763,0.095781808,-0.094448605,0.000141842,-0.032311723,-0.18698392,-0.348109518
-0.167190735,-0.607332621,-0.172964712,-0.005228293,-0.094448605,-0.108651004,-0.141620006,-0.18698392,-0.348109518
0.185750441,-0.295774832,0.072936927,-0.207248495,-0.094448605,0.00908372,-0.03444665,0.129682747,-0.348109518
0.068103382,-0.129945687,0.023756599,0.126084838,-0.094448605,0.085089681,-0.043413345,-0.103650587,-0.348109518
-0.226014265,0.050958836,-0.566407335,-0.207248495,-0.094448605,0.167056894,-0.086111894,-0.120317253,0.651890482
-0.108367206,-0.044518551,-0.025423729,0.014973727,-0.094448605,-0.104180066,-0.070313431,-0.153650587,-0.348109518
-0.049543677,-0.039493425,-0.205751598,-0.075935364,-0.094448605,-0.142928203,-0.141620006,-0.18698392,-0.348109518
-0.108367206,-0.235473325,-0.566407335,-0.207248495,-0.094448605,-0.476758307,-0.157845455,-0.18698392,-0.348109518
0.185750441,-0.190247194,0.072936927,0.055377767,-0.010524256,-0.040096608,0.126099891,0.046349413,-0.348109518
-0.226014265,-0.099794933,-0.03362045,0.075579787,-0.094448605,-0.110141317,-0.100202415,-0.18698392,-0.348109518
0.068103382,0.08110959,0.318838566,-0.207248495,-0.094448605,0.25051442,-0.104472269,0.06301608,0.651890482
-0.108367206,-0.054568802,0.040150042,0.085680798,0.053305532,0.006103094,0.096637893,-0.103650587,-0.348109518
0.538691617,-0.074669305,0.023756599,0.33820605,-0.094448605,0.068696238,-0.125394558,0.196349413,-0.348109518
-0.108367206,-0.104820059,-0.009030286,0.045276757,-0.010524256,0.097012185,-0.063054678,-0.120317253,-0.348109518
0.656338676,0.076084464,0.007363156,0.115983828,0.035575035,0.076147803,-0.136069195,0.16301608,0.651890482
-0.167190735,-0.069644179,-0.009030286,-0.015329303,-0.094448605,-0.081825371,-0.130945369,-0.153650587,-0.348109518
-0.167190735,-0.205322571,-0.115587663,-0.207248495,-0.094448605,-0.192108531,-0.091235719,-0.203650587,-0.348109518
0.009279853,0.010757831,0.08933037,-0.055733344,0.11358922,0.000141842,-0.012243405,0.01301608,-0.348109518
0.185750441,-0.200297446,0.072936927,0.196791909,-0.037711017,0.219217848,-0.089954763,0.146349413,-0.348109518
0.009279853,0.066034213,0.023756599,-0.207248495,-0.094448605,-0.122063821,-0.083122995,0.446349413,0.651890482
-0.108367206,0.106235218,0.105723812,-0.025430314,-0.018798487,-0.108651004,0.123537978,-0.203650587,-0.348109518
0.126926912,0.116285469,0.023756599,0.065478777,0.175054941,0.028457788,-0.092516676,0.11301608,-0.348109518
-0.108367206,-0.145021064,-0.058210614,0.075579787,-0.094448605,-0.00581941,-0.145889861,-0.153650587,-0.348109518
-0.167190735,-0.250548702,-0.172964712,-0.025430314,-0.00461409,-0.172734462,-0.063481663,-0.18698392,-0.348109518
0.126926912,-0.139995938,-0.15657127,0.095781808,-0.018798487,-0.049038486,-0.049391142,-0.170317253,-0.348109518
-0.167190735,0.005732705,0.171297583,0.30790302,0.165598676,0.263927237,-0.062627692,-0.03698392,0.651890482
-0.167190735,0.211762856,0.023756599,-0.207248495,-0.094448605,0.10446375,0.320378286,-0.003650587,0.651890482
-0.167190735,0.151461348,-0.074604057,-0.207248495,-0.094448605,-0.087786623,-0.124967572,-0.18698392,-0.348109518
-0.226014265,0.020808082,0.220477911,-0.207248495,-0.094448605,-0.14143789,-0.089527777,-0.203650587,-0.348109518
-0.167190735,-0.200297446,0.023756599,-0.025430314,-0.047167282,-0.080335058,-0.080561082,-0.153650587,-0.348109518
-0.108367206,-0.180196943,-0.03362045,-0.207248495,-0.094448605,0.113405627,0.195698525,-0.103650587,-0.348109518
-0.167190735,0.025833208,-0.107390942,0.085680798,0.085220425,-0.049038486,0.140617398,-0.203650587,-0.348109518
-0.167190735,-0.124920561,0.433592665,-0.207248495,-0.094448605,-0.142928203,-0.113011979,-0.103650587,-0.348109518
0.009279853,0.116285469,-0.090997499,0.075579787,0.071036028,-0.037115982,-0.07885314,0.06301608,-0.348109518
-0.049543677,-0.190247194,-0.090997499,0.105882818,-0.07317201,0.03441904,-0.057930852,-0.13698392,-0.348109518
-0.226014265,-0.129945687,0.130313976,0.045276757,-0.051895414,0.080618742,-0.09593256,-0.153650587,0.651890482
-0.049543677,0.251963861,0.023756599,0.126084838,0.065125863,0.019515911,-0.116427863,-0.153650587,0.651890482
0.24457397,0.171561851,-0.058210614,0.055377767,0.490657778,0.029948101,0.030455143,0.21301608,0.651890482
-0.167190735,-0.16009644,0.056543484,0.136185848,-0.050713381,-0.011780662,-0.119416761,-0.170317253,-0.348109518
0.009279853,-0.225423074,-0.058210614,-0.207248495,-0.094448605,0.029948101,-0.03444665,-0.13698392,-0.348109518
0.185750441,0.196687479,-0.123784385,0.115983828,0.112407187,-0.022212852,0.04966949,0.096349413,0.651890482
0.009279853,0.12633572,0.187691025,-0.207248495,-0.094448605,-0.011780662,0.028747201,0.46301608,0.651890482
0.068103382,0.015782957,0.040150042,-0.207248495,-0.094448605,0.029948101,-0.107461168,0.079682747,0.651890482
0.068103382,-0.215372822,-0.172964712,-0.207248495,-0.094448605,0.025477162,0.077850532,-0.13698392,-0.348109518
0.009279853,-0.119895435,-0.074604057,0.025074737,-0.094448605,-0.056490051,-0.012243405,-0.18698392,-0.348109518
0.009279853,-0.109845184,0.056543484,-0.055733344,-0.034164918,-0.131005699,-0.106180211,-0.203650587,-0.348109518
-0.226014265,0.20673773,0.056543484,0.35840807,0.023754704,0.316088191,0.122684007,-0.13698392,0.651890482
0.126926912,-0.049543677,-0.041817171,0.186690899,-0.094448605,0.032928727,-0.090381748,-0.153650587,-0.348109518
-0.108367206,-0.069644179,0.040150042,0.095781808,0.023754704,0.023986849,-0.028895839,-0.170317253,-0.348109518
0.068103382,0.055983962,0.08933037,-0.207248495,-0.094448605,-0.077354432,-0.121978674,0.596349413,-0.348109518
-0.226014265,-0.039493425,0.056543484,-0.207248495,-0.094448605,0.019515911,-0.08269601,-0.170317253,0.651890482
-0.167190735,-0.165121566,-0.320505696,0.216993929,0.022572671,0.342913824,0.010386825,-0.120317253,0.651890482
-0.049543677,-0.004317546,0.007363156,0.095781808,0.065125863,0.162585955,-0.008400536,-0.053650587,-0.348109518
-0.167190735,-0.014367797,-0.090997499,0.156387868,0.016662506,0.019515911,-0.089954763,-0.170317253,-0.348109518
-0.167190735,-0.019392923,0.15490414,0.035175747,0.076946194,0.037399666,-0.029322824,0.11301608,0.651890482
-0.226014265,-0.07969443,0.122117255,-0.207248495,-0.094448605,-0.06096099,0.114998269,0.479682747,0.651890482
0.009279853,0.262014112,0.007363156,-0.065834354,0.104132955,-0.034135356,-0.047256215,-0.003650587,0.651890482
0.3033975,0.005732705,-0.107390942,-0.207248495,-0.094448605,0.019515911,0.274263854,-0.003650587,0.651890482
-0.049543677,0.246938735,-0.041817171,0.166488878,0.171508841,0.037399666,-0.049391142,-0.053650587,0.651890482
0.24457397,-0.185222069,0.040150042,0.105882818,-0.094448605,0.094031559,-0.006265608,0.096349413,-0.348109518
-0.108367206,-0.124920561,-0.009030286,-0.075935364,-0.036528984,-0.162302271,0.074861633,-0.120317253,-0.348109518
-0.108367206,0.020808082,-0.074604057,-0.005228293,0.071036028,0.026967475,-0.163823251,-0.03698392,-0.348109518
-0.226014265,-0.104820059,0.007363156,0.055377767,-0.035346951,-0.017741914,0.053512359,-0.203650587,-0.348109518
-0.226014265,-0.139995938,-0.074604057,0.045276757,0.014298439,-0.049038486,0.025758303,-0.18698392,-0.348109518
-0.226014265,0.040908585,0.08933037,-0.207248495,-0.094448605,-0.011780662,0.09877282,-0.070317253,-0.348109518
0.068103382,-0.07969443,0.023756599,0.085680798,0.289712151,0.073167177,-0.133507282,-0.08698392,-0.348109518
-0.049543677,0.035883459,0.072936927,-0.207248495,-0.094448605,-0.162302271,-0.086965865,0.36301608,-0.348109518
0.068103382,-0.074669305,0.105723812,0.095781808,-0.094448605,0.111915314,-0.079280126,0.079682747,-0.348109518
-0.108367206,-0.064619054,-0.140177827,0.055377767,-0.01998052,0.007593407,-0.06561659,-0.18698392,-0.348109518
0.362221029,-0.064619054,-0.025423729,-0.207248495,-0.094448605,0.006103094,-0.085257923,0.146349413,0.651890482
0.009279853,0.166536725,-0.058210614,0.105882818,0.241248794,0.012064346,-0.100202415,-0.170317253,-0.348109518
-0.226014265,-0.094769807,0.048346763,0.025074737,-0.094448605,-0.476758307,0.042837722,-0.203650587,-0.348109518
0.3033975,-0.320900461,0.08933037,0.166488878,-0.094448605,0.012064346,-0.160407368,0.129682747,-0.348109518
-0.108367206,-0.074669305,-0.041817171,0.146286858,0.046213333,-0.022212852,0.396381702,0.01301608,-0.348109518
0.068103382,0.131360846,0.072936927,-0.207248495,-0.094448605,0.025477162,-0.108315139,0.529682747,-0.348109518
-0.108367206,-0.155071315,0.007363156,-0.035531324,-0.094448605,-0.069902867,-0.165104208,-0.18698392,-0.348109518
-0.167190735,0.076084464,0.040150042,0.29780201,0.146686146,0.080618742,-0.031030766,-0.153650587,-0.348109518
0.009279853,-0.0344683,-0.03362045,-0.207248495,-0.094448605,-0.150379767,-0.016940245,0.06301608,-0.348109518
0.3033975,0.176586977,0.138510697,0.075579787,0.088766525,0.03441904,0.306287765,0.146349413,0.651890482
-0.167190735,0.1615116,0.105723812,0.216993929,0.478837447,0.128308757,0.091941053,-0.170317253,-0.348109518
0.24457397,0.337390997,0.072936927,-0.207248495,-0.094448605,0.237101604,-0.142900963,0.16301608,0.651890482
0.185750441,0.156486474,0.15490414,0.237195949,-0.094448605,0.268398176,-0.057503866,0.046349413,0.651890482
-0.108367206,-0.109845184,-0.140177827,-0.055733344,0.016662506,-0.110141317,0.070591778,-0.203650587,-0.348109518
-0.167190735,-0.059593928,-0.107390942,0.004872717,0.065125863,-0.10119944,0.154280933,-0.170317253,-0.348109518
-0.108367206,-0.165121566,0.040150042,-0.015329303,-0.031800851,-0.044567547,-0.103618298,-0.18698392,-0.348109518
0.773985735,0.211762856,0.023756599,0.206892919,0.040303168,0.132779696,0.147449165,0.229682747,0.651890482
0.009279853,0.151461348,0.171297583,0.176589888,-0.094448605,-0.034135356,-0.075864242,0.046349413,-0.348109518
0.185750441,-0.094769807,0.040150042,0.196791909,0.02966487,0.077638116,-0.114292935,0.196349413,-0.348109518
-0.226014265,-0.0344683,0.08933037,0.136185848,0.242430827,0.181960024,-0.130091398,-0.103650587,-0.348109518
-0.108367206,-0.104820059,-0.041817171,0.025074737,-0.094448605,-0.034135356,-0.044267316,-0.203650587,-0.348109518
-0.226014265,0.050958836,0.15490414,-0.207248495,-0.094448605,-0.00581941,0.11585224,-0.020317253,0.651890482
0.126926912,-0.084719556,0.040150042,-0.025430314,0.089948558,-0.03115473,0.106885545,0.129682747,0.651890482
-0.049543677,0.136385972,-0.025423729,0.045276757,-0.094448605,0.007593407,-0.09208969,-0.18698392,-0.348109518
0.009279853,-0.004317546,-0.009030286,-0.207248495,-0.094448605,-0.035625669,0.101334733,0.01301608,-0.348109518
0.009279853,-0.054568802,-0.025423729,-0.207248495,-0.094448605,-0.001348471,-0.000287812,-0.070317253,-0.348109518
-0.049543677,-0.049543677,0.171297583,-0.086036374,-0.002250024,-0.053509425,0.00995984,-0.070317253,-0.348109518
0.126926912,-0.094769807,0.105723812,-0.207248495,-0.094448605,-0.017741914,-0.124540587,0.046349413,0.651890482
0.126926912,0.066034213,0.007363156,0.025074737,0.059215697,0.050812483,0.030028158,-0.070317253,0.651890482
-0.108367206,-0.170146692,-0.566407335,0.025074737,-0.094448605,-0.04605786,0.128661804,-0.13698392,-0.348109518
-0.167190735,-0.210347697,-0.074604057,0.216993929,-0.037711017,0.171527833,0.088098183,-0.170317253,-0.348109518
-0.108367206,-0.230448199,-0.041817171,0.035175747,-0.029436785,-0.034135356,-0.043413345,-0.003650587,-0.348109518
0.24457397,0.292164866,0.023756599,0.216993929,0.059215697,0.010574033,0.105604588,0.046349413,0.651890482
0.126926912,-0.180196943,0.072936927,-0.207248495,-0.094448605,-0.011780662,-0.03828952,0.146349413,-0.348109518
-0.226014265,0.040908585,0.335232009,0.257397969,0.059215697,0.523241693,-0.065189605,-0.120317253,0.651890482
0.068103382,0.111260343,0.072936927,-0.207248495,-0.094448605,0.193882528,-0.120270732,0.229682747,-0.348109518
0.068103382,0.04593371,0.105723812,-0.207248495,-0.094448605,0.105954063,0.206800147,0.06301608,0.651890482
0.126926912,-0.170146692,0.08933037,-0.207248495,-0.094448605,-0.131005699,-0.165531193,-0.020317253,-0.348109518
-0.226014265,-0.009342672,-0.041817171,-0.025430314,0.014298439,0.043360918,0.108166501,-0.170317253,-0.348109518
-0.167190735,-0.607332621,0.040150042,-0.005228293,-0.067261844,-0.063941615,-0.073729315,-0.203650587,-0.348109518
0.068103382,-0.240498451,-0.074604057,-0.207248495,-0.094448605,-0.077354432,-0.086965865,-0.103650587,-0.348109518
0.009279853,0.101210092,0.040150042,-0.207248495,-0.094448605,-0.065431928,-0.097213516,0.11301608,-0.348109518
0.185750441,0.36754175,-0.009030286,0.075579787,-0.094448605,0.058264048,0.116706211,0.129682747,0.651890482
0.24457397,0.302215117,-0.009030286,0.156387868,0.490657778,-0.028174104,0.061198098,0.446349413,0.651890482
-0.167190735,0.035883459,0.236871353,0.206892919,-0.025890686,0.000141842,0.362649849,-0.003650587,0.651890482
0.24457397,-0.059593928,0.056543484,0.186690899,0.040303168,-0.06096099,0.071872735,-0.03698392,0.651890482
0.068103382,0.091159841,0.08933037,0.146286858,0.09467669,-0.00581941,-0.047256215,-0.13698392,0.651890482
-0.049543677,-0.049543677,-0.058210614,-0.207248495,-0.094448605,-0.139947577,-0.140766035,-0.203650587,-0.348109518
0.3033975,0.010757831,0.007363156,0.237195949,0.016662506,0.016535285,-0.041705403,0.11301608,-0.348109518
0.185750441,0.191662353,-0.025423729,-0.207248495,-0.094448605,-0.023703165,-0.037862534,0.046349413,0.651890482
0.421044559,0.071059338,-0.566407335,-0.207248495,-0.094448605,0.302675374,0.045399635,0.11301608,0.651890482
0.24457397,-0.180196943,-0.115587663,-0.005228293,-0.094448605,-0.113121943,-0.143327948,0.146349413,-0.348109518
0.068103382,0.186637228,0.122117255,0.206892919,0.153778345,0.110425002,-0.032738708,-0.070317253,0.651890482
-0.167190735,-0.07969443,-0.090997499,-0.207248495,-0.094448605,-0.114612256,-0.121551689,-0.203650587,-0.348109518
-0.049543677,-0.069644179,-0.058210614,-0.075935364,-0.037711017,-0.135476638,0.088098183,-0.170317253,0.651890482
0.009279853,-0.059593928,-0.041817171,0.237195949,0.022572671,0.041870605,0.185023888,-0.120317253,0.651890482
0.009279853,0.136385972,-0.074604057,0.065478777,0.281437919,-0.016251601,-0.137350151,-0.070317253,0.651890482
-0.226014265,-0.039493425,0.08933037,-0.045632334,-0.094448605,-0.014761288,0.171787338,-0.203650587,-0.348109518
-0.167190735,0.086134715,0.105723812,-0.207248495,-0.094448605,0.120857192,-0.1006294,-0.08698392,-0.348109518
-0.226014265,-0.064619054,-0.009030286,-0.005228293,-0.094448605,-0.069902867,0.134639601,-0.020317253,-0.348109518
-0.108367206,-0.109845184,0.007363156,-0.045632334,-0.042439149,-0.172734462,-0.101056385,-0.103650587,-0.348109518
0.126926912,-0.089744682,0.023756599,0.115983828,0.130137683,0.085089681,-0.063054678,0.36301608,-0.348109518
0.068103382,-0.049543677,0.023756599,0.075579787,-0.094448605,-0.120573508,-0.027614882,-0.103650587,-0.348109518
0.24457397,0.377592002,0.056543484,0.085680798,0.236520662,0.082109055,0.056928243,0.396349413,0.651890482
0.068103382,0.20673773,0.286051681,-0.207248495,-0.094448605,0.085089681,-0.136923166,0.31301608,0.651890482
-0.167190735,-0.124920561,-0.041817171,0.065478777,0.008388274,0.018025598,-0.077999169,-0.203650587,-0.348109518
0.185750441,0.317290494,0.122117255,0.126084838,-0.094448605,0.052302796,-0.049818128,0.129682747,0.651890482
-0.108367206,-0.200297446,-0.074604057,0.014973727,-0.094448605,-0.063941615,-0.077572184,-0.13698392,-0.348109518
-0.226014265,0.131360846,0.130313976,0.33820605,-0.094448605,0.161095642,-0.041278418,-0.153650587,-0.348109518
0.185750441,0.292164866,0.212281189,0.105882818,-0.094448605,0.032928727,-0.131372355,0.446349413,-0.348109518
-0.226014265,0.096184967,-0.03362045,0.055377767,0.059215697,0.158115016,-0.017367231,-0.153650587,0.651890482
0.3033975,-0.044518551,0.105723812,0.115983828,0.112407187,0.032928727,-0.090381748,0.046349413,0.651890482
0.479868088,0.151461348,0.007363156,0.196791909,0.225882364,0.146192513,0.115425254,0.079682747,0.651890482
0.068103382,-0.059593928,-0.058210614,0.206892919,0.058033664,0.056773735,0.018072564,-0.13698392,0.651890482
0.126926912,0.020808082,-0.009030286,0.095781808,0.047395366,-0.029664417,-0.00327671,-0.020317253,-0.348109518
0.068103382,-0.180196943,0.040150042,0.014973727,-0.094448605,-0.044567547,0.321232257,-0.020317253,0.651890482
0.068103382,-0.044518551,-0.025423729,-0.207248495,-0.094448605,0.086579994,-0.089954763,0.129682747,0.651890482
-0.226014265,0.282114615,-0.074604057,0.085680798,0.470563215,0.038889979,0.256330463,-0.203650587,0.651890482
-0.108367206,0.186637228,0.171297583,-0.207248495,-0.094448605,-0.00581941,0.14232534,0.546349413,0.651890482
0.185750441,-0.009342672,-0.566407335,-0.207248495,-0.094448605,-0.10119944,-0.112158008,0.06301608,-0.348109518
0.185750441,0.106235218,-0.074604057,0.126084838,0.130137683,-0.047548173,0.091941053,0.46301608,-0.348109518
-0.167190735,-0.104820059,-0.025423729,-0.055733344,-0.028254752,-0.125044447,0.082974357,-0.120317253,-0.348109518
-0.167190735,-0.170146692,0.072936927,0.065478777,-0.056623546,0.038889979,-0.15827244,-0.18698392,-0.348109518
-0.226014265,-0.099794933,0.056543484,-0.207248495,-0.094448605,0.055283422,-0.116854848,-0.120317253,-0.348109518
-0.049543677,0.20673773,-0.140177827,0.176589888,-0.094448605,0.077638116,0.076996561,-0.153650587,0.651890482
0.009279853,0.382617127,0.007363156,0.186690899,0.784984019,0.070186551,0.793051215,-0.03698392,-0.348109518
-0.226014265,-0.019392923,0.08933037,0.105882818,-0.031800851,0.196863154,-0.163396266,-0.153650587,-0.348109518
0.009279853,0.106235218,0.138510697,-0.207248495,-0.094448605,0.178979398,0.074007662,-0.18698392,0.651890482
0.126926912,0.066034213,0.08933037,0.166488878,0.34290364,0.211766283,-0.099775429,0.21301608,0.651890482
-0.167190735,-0.210347697,0.08933037,0.045276757,-0.050713381,-0.098218814,0.047534562,-0.18698392,-0.348109518
0.009279853,0.005732705,-0.009030286,-0.207248495,-0.094448605,0.044851231,-0.033165694,-0.070317253,-0.348109518
-0.049543677,-0.235473325,-0.009030286,0.075579787,-0.041257116,-0.034135356,-0.076291227,-0.170317253,-0.348109518
0.009279853,0.251963861,0.023756599,-0.207248495,-0.094448605,0.173018146,0.003128072,-0.120317253,0.651890482
0.185750441,0.302215117,0.122117255,0.004872717,0.132501749,0.058264048,0.048815519,0.296349413,0.651890482
-0.226014265,0.292164866,0.171297583,0.065478777,-0.094448605,0.180469711,0.091514067,-0.170317253,0.651890482
0.3033975,0.216787982,0.122117255,0.004872717,-0.094448605,-0.017741914,0.153426962,-0.020317253,0.651890482
-0.226014265,-0.084719556,0.056543484,-0.207248495,-0.094448605,-0.202540721,0.047107577,-0.103650587,-0.348109518
-0.167190735,-0.150046189,-0.041817171,0.035175747,-0.094448605,-0.041586921,-0.119416761,-0.203650587,-0.348109518
0.009279853,-0.150046189,0.007363156,0.115983828,0.009570307,0.016535285,-0.010962449,-0.18698392,-0.348109518
-0.049543677,0.091159841,-0.123784385,-0.207248495,-0.094448605,-0.095238188,-0.02974981,-0.18698392,0.651890482
0.126926912,-0.009342672,-0.15657127,0.014973727,0.11358922,-0.072883493,0.361368892,-0.003650587,0.651890482
-0.108367206,0.12633572,0.056543484,0.146286858,0.134865815,0.092541246,-0.06091975,-0.070317253,-0.348109518
0.3033975,0.317290494,0.130313976,-0.055733344,-0.094448605,-0.029664417,0.316535416,0.26301608,0.651890482
0.362221029,0.005732705,-0.009030286,-0.207248495,-0.094448605,-0.011780662,-0.091235719,0.129682747,-0.348109518
-0.226014265,0.221813107,0.171297583,0.126084838,0.7093339,0.302675374,-0.019075173,-0.170317253,-0.348109518
0.3033975,0.015782957,0.007363156,0.126084838,0.3807287,0.050812483,-0.080988068,0.01301608,-0.348109518
-0.167190735,-0.049543677,0.138510697,-0.015329303,-0.094448605,-0.028174104,-0.14033905,-0.170317253,-0.348109518
0.3033975,-0.074669305,-0.140177827,-0.207248495,-0.094448605,-0.011780662,-0.039143491,0.146349413,-0.348109518
-0.108367206,0.040908585,0.122117255,-0.207248495,-0.094448605,-0.059470677,-0.080134097,-0.103650587,-0.348109518
-0.108367206,-0.155071315,0.08933037,-0.065834354,-0.029436785,-0.113121943,-0.095078589,-0.153650587,-0.348109518
-0.226014265,-0.175171817,-0.009030286,0.115983828,-0.094448605,0.056773735,-0.099775429,-0.13698392,-0.348109518
0.479868088,-0.145021064,-0.058210614,-0.136541425,0.210515934,-0.065431928,0.193990583,0.179682747,0.651890482
-0.167190735,-0.039493425,-0.041817171,0.146286858,-0.094448605,0.023986849,0.030455143,-0.203650587,0.651890482
-0.049543677,-0.049543677,-0.107390942,0.186690899,-0.094448605,-0.028174104,0.03643294,-0.053650587,-0.348109518
-0.108367206,-0.0344683,-0.009030286,0.014973727,-0.094448605,-0.049038486,-0.162115309,-0.13698392,-0.348109518
-0.167190735,0.362516625,-0.15657127,-0.045632334,0.348813806,-0.090767249,0.078277517,-0.153650587,-0.348109518
0.421044559,0.171561851,0.056543484,0.075579787,0.082856359,0.019515911,0.376313384,0.296349413,0.651890482
-0.049543677,0.352466374,-0.009030286,-0.055733344,0.059215697,-0.016251601,-0.073729315,0.01301608,-0.348109518
-0.049543677,0.101210092,-0.566407335,-0.207248495,-0.094448605,-0.029664417,0.123537978,-0.103650587,0.651890482
0.009279853,-0.129945687,0.007363156,0.115983828,-0.094448605,0.001632155,0.059917141,-0.153650587,-0.348109518
-0.049543677,0.106235218,0.08933037,-0.055733344,-0.094448605,0.006103094,-0.116000877,0.496349413,-0.348109518
0.009279853,0.010757831,-0.058210614,-0.207248495,-0.094448605,0.000141842,-0.104899255,0.029682747,0.651890482
0.068103382,-0.124920561,0.040150042,-0.025430314,-0.015252388,0.023986849,0.224306552,0.16301608,-0.348109518
-0.226014265,0.086134715,-0.566407335,-0.207248495,-0.094448605,0.0642253,0.196979481,-0.13698392,0.651890482
-0.108367206,0.035883459,-0.041817171,0.216993929,-0.094448605,0.119366879,0.268713042,-0.153650587,-0.348109518
-0.226014265,-0.094769807,-0.140177827,-0.207248495,-0.094448605,-0.102689753,-0.168093106,-0.203650587,-0.348109518
-0.108367206,0.12633572,-0.566407335,-0.207248495,-0.094448605,-0.066922241,-0.098921458,-0.08698392,0.651890482
0.362221029,-0.099794933,0.138510697,0.166488878,-0.094448605,0.202824405,0.283657534,0.079682747,0.651890482
-0.108367206,-0.064619054,-0.058210614,0.115983828,-0.028254752,-0.10119944,-0.146743832,-0.203650587,-0.348109518
-0.049543677,0.005732705,0.072936927,-0.207248495,-0.094448605,-0.133986325,-0.092943661,0.11301608,-0.348109518
-0.167190735,-0.250548702,0.072936927,0.29780201,-0.041257116,0.018025598,-0.0212101,-0.203650587,-0.348109518
0.538691617,-0.074669305,0.007363156,-0.207248495,-0.094448605,0.032928727,-0.094224618,0.31301608,-0.348109518
-0.108367206,-0.104820059,0.007363156,0.31800403,-0.027072719,0.126818444,0.087671198,-0.13698392,-0.348109518
0.185750441,-0.074669305,-0.074604057,0.035175747,-0.094448605,-0.081825371,-0.075010271,-0.070317253,0.651890482
-0.226014265,-0.084719556,-0.041817171,0.025074737,0.042667234,-0.062451303,-0.007546565,-0.170317253,-0.348109518
0.068103382,-0.0344683,0.040150042,-0.207248495,-0.094448605,-0.105670379,0.116279225,0.396349413,-0.348109518
-0.108367206,-0.064619054,-0.058210614,-0.106238394,0.234156595,-0.099709127,0.174776236,-0.18698392,-0.348109518
-0.226014265,0.12633572,0.007363156,-0.207248495,-0.094448605,0.088070307,-0.058784823,-0.08698392,0.651890482
0.362221029,0.040908585,0.056543484,0.075579787,0.049759432,0.058264048,-0.081842039,0.096349413,-0.348109518
0.185750441,0.061009087,0.15490414,-0.055733344,0.088766525,0.006103094,-0.089527777,0.06301608,-0.348109518
0.185750441,0.201712605,0.138510697,-0.207248495,-0.094448605,-0.023703165,-0.130945369,0.229682747,0.651890482
-0.108367206,-0.064619054,0.08933037,-0.207248495,-0.094448605,-0.074373806,-0.090808734,0.31301608,0.651890482
0.185750441,0.076084464,0.040150042,0.055377767,0.065125863,-0.089276936,0.074861633,0.296349413,-0.348109518
0.068103382,0.171561851,0.122117255,0.237195949,0.549759432,0.099992811,0.06290604,0.01301608,-0.348109518
-0.167190735,-0.009342672,0.138510697,0.186690899,0.165598676,0.202824405,0.143606296,-0.070317253,0.651890482
0.009279853,-0.124920561,-0.107390942,-0.035531324,-0.036528984,-0.16677321,-0.05622291,-0.120317253,-0.348109518
0.068103382,-0.064619054,0.023756599,0.227094939,-0.005796123,0.061244674,-0.089100792,-0.003650587,-0.348109518
-0.226014265,-0.215372822,0.15490414,0.085680798,-0.047167282,0.073167177,-0.016086274,-0.203650587,-0.348109518
-0.226014265,-0.069644179,-0.058210614,0.095781808,-0.006978156,0.068696238,0.121830036,-0.13698392,0.651890482
-0.108367206,0.035883459,0.072936927,0.166488878,0.120681418,0.168547207,0.321232257,-0.03698392,0.651890482
-0.167190735,0.035883459,-0.172964712,0.247296959,0.134865815,0.126818444,0.060344127,-0.153650587,0.651890482
-0.226014265,0.201712605,-0.15657127,-0.207248495,-0.094448605,-0.150379767,-0.092943661,0.529682747,-0.348109518
0.126926912,0.151461348,-0.058210614,0.105882818,0.047395366,0.052302796,0.09407598,-0.08698392,-0.348109518
-0.108367206,0.12633572,0.007363156,0.176589888,0.331083309,-0.059470677,-0.057503866,-0.070317253,0.651890482
-0.226014265,0.025833208,0.122117255,0.085680798,0.15968851,-0.019232227,0.020634477,-0.153650587,-0.348109518
0.597515147,-0.104820059,0.072936927,0.045276757,0.123045484,0.068696238,-0.025479955,0.21301608,0.651890482
0.24457397,-0.044518551,0.023756599,-0.207248495,-0.094448605,-0.125044447,0.157269831,0.41301608,-0.348109518
-0.226014265,0.231863359,-0.566407335,-0.207248495,-0.094448605,0.004612781,0.156842846,-0.053650587,0.651890482
-0.108367206,0.116285469,-0.090997499,0.126084838,0.065125863,-0.00581941,-0.0212101,-0.13698392,0.651890482
0.068103382,-0.220397948,0.105723812,0.206892919,-0.044803215,0.056773735,-0.134788239,0.029682747,-0.348109518
0.068103382,-0.029443174,0.236871353,-0.207248495,-0.094448605,0.311617252,-0.112158008,-0.08698392,0.651890482
-0.049543677,0.146436223,0.056543484,-0.207248495,-0.094448605,-0.163792584,-0.113011979,0.06301608,-0.348109518
-0.108367206,-0.004317546,0.056543484,0.166488878,0.02966487,0.11489594,-0.109596095,-0.070317253,-0.348109518
0.362221029,0.201712605,-0.009030286,0.025074737,0.061579763,-0.096728501,-0.062200707,0.229682747,0.651890482
-0.226014265,0.08110959,-0.009030286,-0.065834354,0.080492293,-0.107160691,-0.14033905,-0.203650587,-0.348109518
-0.226014265,0.035883459,-0.009030286,-0.015329303,0.118317352,-0.022212852,0.392538832,-0.13698392,0.651890482
-0.108367206,0.015782957,-0.009030286,0.075579787,0.147868179,0.013554659,0.172214323,-0.053650587,0.651890482
0.126926912,-0.205322571,-0.025423729,0.095781808,-0.094448605,-0.08629631,-0.067751518,0.129682747,-0.348109518
-0.226014265,-0.074669305,0.007363156,0.166488878,0.080492293,0.110425002,0.056928243,-0.18698392,-0.348109518
-0.108367206,0.171561851,0.040150042,-0.035531324,0.019026572,-0.080335058,-0.01651326,-0.103650587,0.651890482
-0.049543677,-0.039493425,-0.15657127,-0.106238394,0.006024208,-0.037115982,0.065894938,-0.13698392,-0.348109518
0.185750441,-0.059593928,0.08933037,0.105882818,-0.094448605,0.058264048,0.279814665,0.16301608,0.651890482
-0.108367206,-0.044518551,-0.009030286,0.014973727,0.016662506,0.031438414,-0.066897547,-0.120317253,-0.348109518
-0.049543677,-0.109845184,0.08933037,-0.096137384,-0.018798487,-0.189127905,-0.080134097,-0.053650587,-0.348109518
-0.049543677,0.307240243,0.040150042,-0.207248495,-0.094448605,-0.022212852,-0.054087982,-0.070317253,0.651890482
-0.049543677,-0.029443174,-0.025423729,0.186690899,0.071036028,0.091050933,-0.137350151,-0.08698392,-0.348109518
0.126926912,0.36754175,0.072936927,-0.207248495,-0.094448605,-0.12653476,-0.146316847,0.429682747,0.651890482
0.009279853,0.040908585,-0.074604057,-0.086036374,0.17860104,-0.066922241,0.023623375,-0.03698392,-0.348109518
-0.049543677,-0.044518551,0.040150042,0.095781808,-0.094448605,-0.00581941,-0.117281834,-0.13698392,0.651890482
-0.226014265,0.015782957,0.007363156,-0.005228293,-0.094448605,-0.068412554,-0.092943661,0.046349413,0.651890482
0.538691617,0.156486474,0.171297583,0.126084838,-0.060169646,-0.077354432,0.110728414,0.16301608,0.651890482
-0.108367206,-0.044518551,0.048346763,0.115983828,-0.094448605,0.055283422,-0.138204122,-0.203650587,-0.348109518
-0.167190735,0.181612102,0.023756599,0.004872717,0.104132955,-0.095238188,-0.14887876,-0.153650587,-0.348109518
-0.167190735,0.005732705,-0.041817171,0.115983828,0.089948558,0.046341544,0.09407598,-0.053650587,0.651890482
0.362221029,0.292164866,0.007363156,-0.207248495,-0.094448605,0.046341544,-0.116000877,0.06301608,-0.348109518
-0.108367206,-0.094769807,0.138510697,0.156387868,0.047395366,0.201334092,-0.147170818,-0.170317253,0.651890482
0.126926912,-0.07969443,0.007363156,0.115983828,-0.014070355,-0.017741914,-0.149305745,0.06301608,-0.348109518
0.24457397,-0.014367797,0.023756599,-0.015329303,-0.094448605,-0.132496012,0.428832598,0.21301608,-0.348109518
-0.108367206,-0.170146692,-0.090997499,-0.045632334,-0.032982884,0.010574033,-0.130518384,-0.13698392,-0.348109518
-0.167190735,0.297189992,-0.566407335,-0.207248495,-0.094448605,0.168547207,-0.080988068,0.129682747,0.651890482
0.479868088,-0.074669305,0.08933037,-0.207248495,-0.094448605,-0.125044447,-0.142900963,0.179682747,-0.348109518
-0.167190735,-0.129945687,-0.074604057,-0.025430314,-0.025890686,-0.120573508,-0.090381748,-0.18698392,-0.348109518
-0.226014265,0.221813107,0.056543484,0.227094939,0.206969834,0.237101604,-0.090808734,-0.120317253,-0.348109518
-0.226014265,-0.019392923,-0.566407335,-0.207248495,-0.094448605,0.026967475,0.196552496,0.179682747,-0.348109518
0.068103382,-0.029443174,0.056543484,-0.207248495,-0.094448605,-0.011780662,-0.054941953,0.179682747,0.651890482
0.3033975,0.156486474,0.072936927,0.136185848,0.107679054,0.032928727,0.179900062,-0.003650587,0.651890482
0.185750441,0.28713974,0.122117255,-0.207248495,-0.094448605,0.117876566,-0.060065779,0.129682747,0.651890482
-0.167190735,0.04593371,0.007363156,-0.075935364,0.02966487,-0.090767249,0.000139174,-0.18698392,-0.348109518
-0.167190735,-0.129945687,0.040150042,0.004872717,-0.008160189,-0.090767249,0.085963256,0.046349413,-0.348109518
-0.167190735,-0.607332621,-0.009030286,0.146286858,-0.094448605,0.000141842,-0.035300621,-0.18698392,-0.348109518
0.068103382,0.005732705,0.138510697,-0.207248495,-0.094448605,0.040380292,-0.077572184,-0.003650587,-0.348109518
0.24457397,-0.129945687,0.023756599,-0.207248495,-0.094448605,0.071676864,0.005689985,0.396349413,-0.348109518
0.24457397,0.025833208,0.15490414,0.156387868,0.033210969,0.097012185,-0.05238004,0.26301608,-0.348109518
-0.167190735,0.091159841,-0.189358155,-0.015329303,0.003660142,-0.049038486,0.077850532,-0.18698392,-0.348109518
-0.049543677,-0.024418049,-0.566407335,-0.207248495,-0.094448605,-0.12653476,-0.121551689,-0.170317253,-0.348109518
-0.049543677,-0.109845184,-0.058210614,-0.015329303,-0.006978156,-0.15187008,-0.082269024,-0.120317253,-0.348109518
0.068103382,-0.607332621,0.08933037,0.115983828,-0.094448605,0.134270009,-0.053660997,0.06301608,0.651890482
0.009279853,-0.145021064,0.08933037,-0.207248495,-0.094448605,0.152153765,-0.100202415,-0.070317253,-0.348109518
0.009279853,0.08110959,0.122117255,-0.207248495,-0.094448605,-0.011780662,-0.093797632,-0.053650587,-0.348109518
-0.049543677,-0.300799958,0.105723812,0.075579787,-0.094448605,0.035909353,-0.097640502,0.21301608,-0.348109518
-0.167190735,-0.155071315,-0.058210614,-0.086036374,-0.043621182,-0.07139318,0.046253606,-0.153650587,-0.348109518
-0.049543677,-0.155071315,0.072936927,-0.207248495,-0.094448605,0.159605329,0.037286911,-0.203650587,-0.348109518
0.3033975,0.221813107,0.15490414,-0.207248495,-0.094448605,-0.023703165,-0.072448358,0.26301608,0.651890482
-0.167190735,0.020808082,-0.15657127,0.196791909,0.102950922,0.019515911,0.20936206,-0.08698392,0.651890482
0.538691617,0.040908585,-0.566407335,0.095781808,-0.094448605,0.117876566,0.041556766,0.179682747,0.651890482
0.479868088,-0.165121566,0.040150042,0.196791909,-0.030618818,0.04932217,-0.039997461,0.246349413,-0.348109518
-0.167190735,0.377592002,0.056543484,0.156387868,0.199877636,0.067205925,0.172214323,-0.070317253,0.651890482
0.068103382,0.342416122,-0.041817171,0.126084838,0.289712151,-0.011780662,0.047534562,-0.070317253,0.651890482
0.068103382,0.186637228,0.007363156,-0.207248495,-0.094448605,-0.032645043,-0.113011979,0.496349413,-0.348109518
0.068103382,-0.089744682,0.318838566,0.166488878,-0.094448605,0.107444376,-0.071167402,0.529682747,-0.348109518
0.009279853,0.12633572,0.072936927,-0.207248495,-0.094448605,0.097012185,0.020634477,0.56301608,0.651890482
0.009279853,0.131360846,0.040150042,0.045276757,0.251887092,0.043360918,-0.037008563,-0.053650587,-0.348109518
0.068103382,-0.109845184,-0.123784385,0.075579787,0.003660142,0.029948101,0.011667782,-0.053650587,-0.348109518
0.126926912,0.015782957,0.023756599,-0.207248495,-0.094448605,-0.065431928,-0.044267316,-0.070317253,0.651890482
-0.226014265,-0.099794933,-0.041817171,-0.035531324,-0.094448605,-0.163792584,-0.093797632,-0.203650587,-0.348109518
-0.049543677,-0.200297446,0.138510697,-0.045632334,-0.016434421,-0.066922241,-0.070740416,-0.18698392,-0.348109518
-0.167190735,0.061009087,0.269658238,0.075579787,0.071036028,0.012064346,-0.101483371,0.196349413,0.651890482
-0.049543677,0.262014112,0.105723812,0.277599989,0.455196785,0.095521872,0.711070002,-0.13698392,0.651890482
-0.226014265,-0.014367797,-0.041817171,0.025074737,0.01075234,-0.476758307,0.537713896,-0.203650587,-0.348109518
-0.226014265,-0.185222069,-0.041817171,0.014973727,-0.016434421,0.056773735,0.031309114,-0.203650587,-0.348109518
-0.108367206,-0.07969443,-0.090997499,0.196791909,0.016662506,0.043360918,-0.10532624,-0.13698392,-0.348109518
-0.108367206,0.005732705,-0.140177827,0.227094939,0.092312624,0.062734987,0.14702218,-0.08698392,-0.348109518
0.479868088,0.096184967,0.105723812,0.227094939,0.289712151,0.107444376,0.024050361,0.41301608,0.651890482
-0.226014265,-0.11487031,0.105723812,-0.055733344,0.004842175,-0.10119944,-0.073729315,-0.18698392,-0.348109518
-0.167190735,-0.170146692,-0.074604057,0.166488878,-0.005796123,0.077638116,0.015937637,-0.18698392,-0.348109518
0.009279853,0.176586977,0.048346763,-0.207248495,-0.094448605,0.243062855,-0.099775429,-0.020317253,0.651890482
-0.226014265,-0.139995938,0.253264796,0.186690899,-0.009342222,0.17003752,0.234554204,0.029682747,-0.348109518
-0.167190735,-0.069644179,0.023756599,0.095781808,0.002478109,-0.017741914,0.149157107,-0.153650587,-0.348109518
-0.226014265,-0.07969443,-0.009030286,0.014973727,-0.094448605,-0.178695714,-0.1006294,-0.18698392,-0.348109518
-0.167190735,-0.059593928,-0.074604057,-0.126440415,0.120681418,-0.098218814,0.202957278,-0.203650587,-0.348109518
-0.167190735,-0.155071315,-0.058210614,-0.025430314,-0.024708653,-0.102689753,0.340019618,-0.13698392,-0.348109518
-0.167190735,0.020808082,0.007363156,0.035175747,0.035575035,-0.114612256,-0.107034182,-0.13698392,-0.348109518
-0.167190735,-0.009342672,-0.123784385,-0.075935364,-0.035346951,-0.144418516,-0.11386595,-0.153650587,-0.348109518
0.068103382,-0.024418049,0.040150042,0.085680798,-0.094448605,0.004612781,0.080412445,0.029682747,0.651890482
0.24457397,-0.07969443,0.253264796,0.156387868,-0.094448605,0.168547207,-0.099348444,0.196349413,0.651890482
0.068103382,0.116285469,0.105723812,0.055377767,0.242430827,0.000141842,-0.008400536,0.41301608,0.651890482
-0.049543677,-0.104820059,-0.009030286,0.025074737,0.001296075,-0.00581941,0.203811249,-0.08698392,-0.348109518
-0.167190735,-0.104820059,-0.025423729,0.085680798,0.137229882,0.000141842,-0.01181642,0.146349413,-0.348109518
0.068103382,0.226838233,0.056543484,-0.207248495,-0.094448605,0.204314718,-0.05622291,-0.103650587,0.651890482
-0.167190735,0.050958836,-0.041817171,-0.065834354,0.39609513,-0.123554134,-0.035300621,-0.203650587,-0.348109518
0.009279853,-0.024418049,0.023756599,-0.086036374,0.008388274,-0.147399142,-0.003703695,0.06301608,-0.348109518
0.009279853,0.186637228,0.072936927,-0.207248495,-0.094448605,0.013554659,0.141471369,-0.03698392,0.651890482
-0.108367206,0.030858333,-0.090997499,0.035175747,0.230610496,-0.063941615,0.481778798,-0.13698392,-0.348109518
-0.049543677,-0.124920561,-0.107390942,0.136185848,0.041485201,-0.108651004,0.201676322,0.096349413,-0.348109518
-0.226014265,0.050958836,-0.025423729,0.196791909,-0.094448605,0.03441904,-0.117708819,-0.18698392,0.651890482
-0.049543677,-0.19527232,0.007363156,-0.207248495,-0.094448605,-0.162302271,-0.035300621,-0.13698392,-0.348109518
-0.049543677,0.362516625,0.007363156,0.105882818,-0.094448605,0.043360918,-0.098494473,-0.13698392,0.651890482
0.009279853,-0.129945687,-0.041817171,-0.207248495,-0.094448605,0.000141842,-0.132653311,-0.03698392,0.651890482
0.126926912,0.08110959,-0.066407335,-0.207248495,-0.094448605,-0.116102569,-0.136923166,0.36301608,-0.348109518
0.068103382,0.076084464,0.122117255,0.206892919,0.009570307,0.044851231,-0.079280126,0.029682747,0.651890482
0.3033975,-0.245523576,0.072936927,0.045276757,-0.094448605,-0.00581941,-0.081842039,0.079682747,-0.348109518
0.068103382,0.236888484,-0.041817171,-0.207248495,-0.094448605,0.013554659,-0.143754934,0.129682747,0.651890482
-0.108367206,0.010757831,-0.172964712,0.115983828,0.100586856,0.150663452,0.020634477,-0.120317253,-0.348109518
0.009279853,-0.029443174,0.023756599,-0.207248495,-0.094448605,-0.04605786,-0.040851432,0.21301608,0.651890482
-0.226014265,-0.099794933,-0.058210614,-0.207248495,-0.094448605,-0.150379767,-0.057930852,-0.13698392,-0.348109518
0.24457397,0.382617127,0.040150042,-0.207248495,-0.094448605,-0.090767249,0.307141736,0.096349413,0.651890482
-0.167190735,0.256988987,-0.009030286,0.287701,0.589948558,0.15513439,0.098345835,-0.08698392,0.651890482
0.126926912,-0.094769807,0.171297583,0.186690899,-0.094448605,0.055283422,0.086390241,-0.08698392,-0.348109518
-0.167190735,-0.044518551,0.023756599,0.095781808,0.11358922,0.035909353,0.024050361,-0.13698392,-0.348109518
-0.167190735,0.111260343,0.122117255,0.025074737,0.271981655,0.15513439,0.258038405,-0.18698392,-0.348109518
-0.167190735,0.111260343,0.040150042,0.014973727,-0.022344587,-0.08629631,-0.09208969,-0.203650587,-0.348109518
-0.226014265,0.086134715,-0.074604057,0.146286858,0.102950922,0.038889979,0.026612274,-0.203650587,0.651890482
-0.049543677,0.262014112,0.122117255,0.126084838,0.465835082,0.055283422,-0.091235719,-0.18698392,0.651890482
-0.167190735,-0.119895435,-0.009030286,0.004872717,-0.094448605,-0.07139318,0.266151129,-0.18698392,-0.348109518
0.009279853,0.116285469,0.105723812,0.115983828,-0.094448605,0.097012185,0.035151983,0.06301608,0.651890482
-0.167190735,-0.190247194,-0.009030286,-0.207248495,-0.094448605,-0.205521347,0.065040967,-0.103650587,-0.348109518
-0.049543677,0.040908585,-0.041817171,0.085680798,0.041485201,-0.083315684,-0.107888153,-0.08698392,0.651890482
-0.167190735,-0.009342672,0.15490414,0.206892919,0.106497021,0.198353466,0.015083666,-0.120317253,-0.348109518
-0.108367206,-0.134970812,-0.009030286,-0.025430314,-0.00461409,-0.089276936,0.038140882,-0.203650587,-0.348109518
-0.226014265,-0.094769807,-0.041817171,0.257397969,-0.002250024,0.128308757,0.010386825,-0.203650587,-0.348109518
-0.108367206,-0.029443174,-0.041817171,0.014973727,-0.094448605,-0.017741914,-0.021637086,-0.203650587,-0.348109518
0.24457397,0.151461348,0.072936927,0.115983828,0.153778345,0.162585955,0.018926535,0.046349413,0.651890482
0.009279853,0.317290494,0.072936927,0.186690899,0.232974562,0.07465749,-0.088673806,-0.03698392,0.651890482
-0.226014265,-0.134970812,-0.566407335,-0.207248495,-0.094448605,-0.476758307,-0.09208969,-0.13698392,-0.348109518
-0.167190735,0.302215117,-0.041817171,0.095781808,0.118317352,0.031438414,-0.061346736,0.079682747,0.651890482
-0.226014265,0.071059338,0.204084468,0.257397969,0.076946194,0.128308757,-0.080134097,-0.120317253,-0.348109518
-0.167190735,-0.129945687,0.105723812,0.045276757,0.118317352,0.044851231,-0.101910356,0.16301608,0.651890482
-0.108367206,-0.109845184,-0.566407335,-0.207248495,-0.094448605,-0.145908829,-0.155283542,-0.170317253,-0.348109518
-0.049543677,-0.16009644,0.040150042,-0.045632334,0.006024208,-0.023703165,0.033871027,0.079682747,-0.348109518
-0.167190735,-0.205322571,0.040150042,-0.096137384,-0.02352662,-0.029664417,0.023623375,-0.18698392,-0.348109518
-0.108367206,0.091159841,0.048346763,-0.207248495,-0.094448605,-0.095238188,-0.130091398,-0.070317253,-0.348109518
-0.167190735,-0.155071315,-0.009030286,-0.126440415,-0.094448605,-0.11163163,0.284511505,0.046349413,-0.348109518
-0.226014265,0.101210092,-0.566407335,-0.207248495,-0.094448605,0.15513439,-0.11386595,-0.070317253,0.651890482
0.479868088,0.096184967,0.130313976,0.126084838,-0.094448605,0.080618742,-0.097213516,0.129682747,-0.348109518
0.068103382,0.131360846,0.048346763,-0.207248495,-0.094448605,-0.03115473,-0.016086274,-0.08698392,-0.348109518
-0.167190735,-0.119895435,0.007363156,-0.055733344,-0.094448605,-0.205521347,-0.138631108,-0.203650587,-0.348109518
0.126926912,-0.069644179,0.15490414,-0.207248495,-0.094448605,0.071676864,0.109020472,-0.03698392,-0.348109518
-0.226014265,0.342416122,0.286051681,0.045276757,-0.094448605,0.03441904,-0.015659289,0.129682747,0.651890482
-0.108367206,-0.190247194,-0.025423729,0.025074737,-0.035346951,0.003122468,0.010813811,-0.18698392,-0.348109518
0.009279853,-0.019392923,-0.041817171,0.065478777,0.047395366,0.018025598,-0.103191313,-0.153650587,-0.348109518
0.24457397,-0.064619054,0.007363156,-0.207248495,-0.094448605,-0.022212852,0.206373162,-0.003650587,0.651890482
0.009279853,-0.019392923,-0.058210614,-0.086036374,-0.094448605,-0.034135356,-0.039143491,-0.053650587,0.651890482
-0.226014265,0.297189992,0.072936927,0.429115141,-0.077900142,0.408487595,0.831906894,-0.13698392,0.651890482
-0.167190735,-0.104820059,0.023756599,-0.086036374,-0.011706289,-0.099709127,0.079558474,-0.08698392,-0.348109518
-0.226014265,-0.129945687,0.08933037,0.247296959,0.014298439,0.067205925,-0.060492765,-0.120317253,-0.348109518
-0.226014265,-0.084719556,-0.041817171,0.166488878,-0.018798487,0.023986849,0.016364622,-0.18698392,0.651890482
-0.226014265,-0.004317546,0.040150042,-0.025430314,-0.01998052,-0.022212852,-0.079707111,-0.120317253,-0.348109518
-0.167190735,-0.19527232,-0.041817171,-0.075935364,0.017844539,-0.160811958,-0.024198999,-0.170317253,-0.348109518
-0.108367206,0.066034213,0.007363156,-0.207248495,-0.094448605,-0.04605786,0.030028158,-0.170317253,0.651890482
-0.226014265,-0.150046189,-0.009030286,0.115983828,0.153778345,0.117876566,-0.038716505,-0.13698392,-0.348109518
-0.108367206,-0.009342672,-0.566407335,-0.207248495,-0.094448605,-0.184656966,0.153853948,0.646349413,-0.348109518
-0.108367206,-0.104820059,-0.123784385,0.075579787,0.02966487,0.086579994,0.011240796,-0.153650587,-0.348109518
0.597515147,0.272064364,-0.058210614,0.095781808,-0.094448605,0.023986849,-0.110877052,0.079682747,0.651890482
-0.167190735,0.071059338,-0.123784385,-0.207248495,-0.094448605,-0.078844745,0.091941053,0.479682747,-0.348109518
0.068103382,-0.175171817,-0.009030286,0.075579787,-0.010524256,-0.026683791,-0.045975258,-0.153650587,-0.348109518
0.362221029,0.136385972,0.122117255,0.277599989,0.185693239,0.083599368,0.226014494,0.296349413,0.651890482
0.3033975,0.066034213,0.040150042,0.126084838,-0.02352662,-0.090767249,-0.004984652,0.796349413,-0.348109518
0.3033975,-0.004317546,0.023756599,0.014973727,-0.028254752,-0.16677321,0.111582385,0.246349413,-0.348109518
-0.167190735,-0.250548702,-0.058210614,-0.207248495,-0.094448605,-0.15187008,-0.023772013,-0.120317253,-0.348109518
0.24457397,-0.235473325,0.007363156,0.196791909,-0.036528984,0.04932217,0.099626791,0.096349413,-0.348109518
0.068103382,-0.165121566,0.072936927,0.095781808,-0.094448605,-0.065431928,-0.091235719,0.06301608,-0.348109518
0.362221029,-0.029443174,0.236871353,-0.207248495,-0.094448605,-0.119083195,0.234981189,0.01301608,-0.348109518
-0.226014265,0.015782957,-0.107390942,-0.075935364,0.02966487,-0.15187008,-0.008400536,-0.203650587,-0.348109518
-0.226014265,-0.235473325,-0.140177827,-0.106238394,-0.051895414,-0.062451303,-0.086538879,-0.18698392,-0.348109518
-0.226014265,-0.119895435,-0.041817171,0.156387868,0.023754704,0.071676864,0.054793316,-0.13698392,-0.348109518
0.24457397,-0.004317546,-0.566407335,-0.207248495,-0.094448605,-0.029664417,-0.123259631,0.079682747,0.651890482
0.126926912,0.166536725,0.072936927,0.206892919,0.071036028,0.21027597,0.042410737,-0.103650587,-0.348109518
-0.167190735,0.116285469,0.105723812,0.196791909,-0.094448605,0.138740948,0.057782214,-0.08698392,-0.348109518
-0.226014265,0.08110959,0.007363156,0.176589888,-0.094448605,0.018025598,-0.128810442,-0.18698392,-0.348109518
-0.226014265,-0.009342672,-0.025423729,0.065478777,-0.094448605,0.101483124,-0.090808734,-0.18698392,-0.348109518
0.185750441,0.076084464,0.171297583,-0.207248495,-0.094448605,-0.03115473,-0.111731023,0.279682747,-0.348109518
0.009279853,-0.0344683,-0.041817171,-0.207248495,-0.094448605,-0.04605786,-0.147597803,-0.153650587,-0.348109518
-0.226014265,0.08110959,0.122117255,0.065478777,-0.094448605,-0.069902867,-0.102764327,0.429682747,-0.348109518
-0.108367206,-0.07969443,0.08933037,0.247296959,0.131319716,0.025477162,0.102188704,-0.070317253,0.651890482
0.185750441,-0.0344683,0.056543484,-0.035531324,0.035575035,-0.122063821,-0.002422739,-0.03698392,-0.348109518
0.24457397,0.025833208,0.040150042,0.176589888,-0.005796123,-0.090767249,-0.132226326,0.096349413,-0.348109518
0.009279853,0.055983962,0.138510697,0.105882818,-0.094448605,-0.059470677,-0.022491057,0.496349413,-0.348109518
-0.049543677,0.186637228,0.007363156,0.095781808,0.29325825,0.052302796,-0.054514968,0.029682747,0.651890482
-0.226014265,0.010757831,0.15490414,0.166488878,-0.094448605,0.047831857,-0.117281834,-0.070317253,-0.348109518
0.009279853,-0.180196943,-0.090997499,0.014973727,-0.036528984,-0.062451303,-0.070740416,-0.08698392,-0.348109518
-0.226014265,-0.185222069,0.105723812,0.105882818,0.053305532,0.092541246,-0.101910356,-0.170317253,-0.348109518
-0.226014265,0.121310595,-0.566407335,-0.207248495,-0.094448605,0.181960024,0.06760288,-0.03698392,0.651890482
-0.226014265,0.071059338,-0.009030286,0.216993929,0.201059669,0.153644078,-0.045548273,-0.153650587,0.651890482
-0.167190735,0.091159841,-0.058210614,0.206892919,0.472927281,0.12979907,0.027466245,-0.203650587,-0.348109518
-0.226014265,0.262014112,0.072936927,0.115983828,0.218790165,0.216237222,0.2934782,0.41301608,-0.348109518
0.009279853,-0.109845184,0.023756599,-0.035531324,-0.094448605,-0.095238188,-0.075864242,-0.08698392,-0.348109518
0.24457397,0.36754175,0.08933037,-0.207248495,-0.094448605,-0.087786623,0.033871027,0.56301608,-0.348109518
-0.108367206,-0.190247194,-0.03362045,0.075579787,-0.016434421,0.071676864,0.067175895,-0.153650587,-0.348109518
-0.108367206,-0.16009644,0.171297583,0.095781808,-0.094448605,0.022496537,-0.076718213,0.146349413,-0.348109518
0.009279853,-0.109845184,-0.009030286,0.176589888,-0.094448605,0.012064346,-0.139485079,-0.003650587,-0.348109518
0.009279853,0.020808082,0.007363156,-0.025430314,0.049759432,-0.04605786,0.287073418,0.196349413,0.651890482
-0.049543677,-0.205322571,-0.566407335,-0.207248495,-0.094448605,-0.476758307,-0.1271025,-0.18698392,-0.348109518
0.126926912,0.226838233,0.040150042,-0.207248495,-0.094448605,-0.080335058,-0.071594387,0.546349413,-0.348109518
0.068103382,-0.054568802,-0.009030286,-0.207248495,-0.094448605,-0.089276936,-0.076718213,-0.053650587,-0.348109518
-0.108367206,-0.200297446,0.023756599,-0.055733344,-0.00461409,-0.028174104,0.032163085,-0.13698392,-0.348109518
0.185750441,0.372566876,0.007363156,0.126084838,0.076946194,-0.102689753,-0.13179934,0.36301608,0.651890482
0.126926912,0.166536725,0.040150042,0.115983828,0.133683782,-0.040096608,0.156842846,0.096349413,-0.348109518
-0.108367206,-0.019392923,0.171297583,-0.015329303,-0.010524256,-0.10119944,-0.067751518,-0.203650587,-0.348109518
-0.049543677,-0.185222069,0.023756599,0.115983828,-0.094448605,0.077638116,-0.08739285,-0.08698392,-0.348109518
0.126926912,-0.607332621,-0.009030286,0.206892919,-0.094448605,0.10446375,0.109020472,0.129682747,0.651890482
0.185750441,-0.134970812,-0.041817171,0.045276757,-0.001067991,0.019515911,0.113717312,0.129682747,-0.348109518
-0.049543677,-0.124920561,0.072936927,0.186690899,-0.094448605,0.079128429,-0.099775429,0.11301608,-0.348109518
0.362221029,-0.230448199,0.105723812,-0.207248495,-0.094448605,0.019515911,-0.089100792,0.079682747,-0.348109518
-0.226014265,0.297189992,0.171297583,0.055377767,0.011934373,0.067205925,-0.067324532,0.029682747,0.651890482
-0.167190735,0.04593371,-0.074604057,0.025074737,0.106497021,-0.050528799,0.09407598,-0.203650587,-0.348109518
-0.108367206,-0.185222069,-0.15657127,0.025074737,-0.00461409,-0.023703165,0.211923973,-0.203650587,-0.348109518
0.24457397,-0.004317546,0.072936927,-0.207248495,-0.094448605,-0.104180066,-0.026760912,0.51301608,-0.348109518
0.479868088,-0.185222069,0.023756599,0.105882818,-0.094448605,-0.034135356,-0.074583286,0.21301608,0.651890482
-0.226014265,0.091159841,-0.058210614,-0.035531324,0.153778345,-0.147399142,-0.113011979,-0.203650587,-0.348109518
0.3033975,-0.150046189,-0.009030286,-0.207248495,-0.094448605,-0.116102569,-0.116000877,0.41301608,-0.348109518
-0.108367206,-0.150046189,-0.058210614,-0.207248495,-0.094448605,-0.069902867,0.022769404,-0.18698392,-0.348109518
-0.049543677,-0.109845184,-0.123784385,-0.015329303,0.007206241,-0.095238188,-0.13564221,-0.153650587,-0.348109518
-0.049543677,0.211762856,0.007363156,-0.025430314,0.02966487,-0.00581941,-0.086965865,-0.08698392,0.651890482
0.3033975,0.121310595,0.15490414,0.136185848,0.100586856,-0.025193478,0.127807833,0.329682747,0.651890482
0.185750441,0.020808082,0.138510697,-0.207248495,-0.094448605,0.083599368,-0.071594387,0.296349413,-0.348109518
0.538691617,-0.225423074,-0.074604057,-0.207248495,-0.094448605,0.012064346,-0.124540587,0.129682747,-0.348109518
0.126926912,0.040908585,0.171297583,-0.136541425,0.290894184,-0.184656966,0.047107577,0.446349413,-0.348109518
-0.108367206,-0.265624079,0.007363156,0.115983828,-0.016434421,-0.104180066,-0.121551689,-0.13698392,-0.348109518
-0.049543677,0.015782957,0.08933037,0.126084838,0.059215697,0.018025598,-0.071167402,-0.120317253,-0.348109518
0.126926912,-0.0344683,-0.566407335,-0.207248495,-0.094448605,-0.476758307,-0.120697718,-0.120317253,-0.348109518
0.3033975,0.04593371,0.007363156,-0.207248495,-0.094448605,0.032928727,0.076996561,0.196349413,0.651890482
-0.049543677,0.020808082,-0.090997499,-0.207248495,-0.094448605,-0.00581941,-0.136923166,-0.153650587,-0.348109518
-0.049543677,-0.170146692,-0.074604057,-0.025430314,-0.094448605,-0.15187008,-0.01181642,-0.203650587,-0.348109518
-0.167190735,-0.119895435,-0.041817171,-0.015329303,0.002478109,-0.205521347,-0.073729315,-0.203650587,-0.348109518
-0.049543677,-0.024418049,0.040150042,-0.055733344,0.02966487,-0.084805997,-0.155710527,-0.153650587,-0.348109518
-0.226014265,-0.019392923,-0.025423729,0.105882818,0.127773617,-0.017741914,0.009105869,-0.18698392,-0.348109518
-0.226014265,-0.049543677,-0.03362045,-0.207248495,-0.094448605,-0.110141317,0.080412445,-0.03698392,-0.348109518
-0.108367206,0.005732705,-0.074604057,-0.025430314,0.030846903,-0.032645043,0.104750617,-0.18698392,-0.348109518
-0.226014265,-0.069644179,0.056543484,-0.207248495,-0.094448605,0.198353466,0.091514067,-0.153650587,-0.348109518
-0.167190735,-0.175171817,-0.025423729,0.31800403,-0.017616454,0.138740948,0.190147714,-0.070317253,-0.348109518
0.126926912,-0.150046189,-0.566407335,-0.207248495,-0.094448605,-0.032645043,0.012521753,-0.03698392,-0.348109518
-0.167190735,-0.220397948,-0.107390942,0.095781808,-0.028254752,0.019515911,0.332760865,-0.153650587,-0.348109518
0.009279853,0.055983962,-0.566407335,-0.207248495,-0.094448605,0.013554659,-0.072448358,-0.170317253,0.651890482
-0.226014265,-0.07969443,0.171297583,-0.207248495,-0.094448605,-0.035625669,-0.117281834,0.21301608,-0.348109518
-0.226014265,-0.320900461,-0.074604057,-0.207248495,-0.094448605,-0.153360393,0.112436356,0.56301608,-0.348109518
-0.226014265,0.030858333,0.08933037,0.166488878,0.153778345,0.0642253,0.141898354,-0.170317253,-0.348109518
-0.049543677,0.040908585,0.187691025,0.287701,0.088766525,0.065715613,0.211923973,-0.020317253,0.651890482
0.24457397,-0.104820059,0.040150042,0.196791909,0.15968851,0.110425002,0.08083943,0.16301608,0.651890482
-0.049543677,0.035883459,0.023756599,0.045276757,0.130137683,0.006103094,0.033017056,-0.103650587,0.651890482
0.362221029,-0.155071315,0.130313976,0.115983828,-0.094448605,0.043360918,0.150865049,0.379682747,0.651890482
0.009279853,-0.185222069,0.171297583,0.025074737,-0.028254752,0.111915314,-0.133507282,-0.13698392,-0.348109518
-0.167190735,-0.165121566,0.072936927,0.085680798,-0.00461409,0.000141842,-0.045548273,-0.070317253,-0.348109518
0.24457397,0.327340745,0.171297583,0.146286858,0.171508841,0.037399666,-0.020783115,0.06301608,0.651890482
0.068103382,0.332365871,0.056543484,0.065478777,0.150232246,0.173018146,0.240105015,0.329682747,0.651890482
0.009279853,0.050958836,-0.009030286,0.004872717,0.101768889,0.016535285,-0.133080297,-0.08698392,-0.348109518
-0.167190735,0.216787982,0.105723812,0.227094939,-0.015252388,0.012064346,-0.055795924,0.279682747,-0.348109518
0.009279853,0.342416122,0.335232009,0.105882818,-0.094448605,-0.052019112,0.088952154,0.06301608,-0.348109518
-0.167190735,-0.024418049,0.007363156,0.075579787,-0.094448605,-0.068412554,-0.114292935,-0.203650587,-0.348109518
-0.049543677,-0.185222069,-0.009030286,0.095781808,0.030846903,-0.001348471,0.050950446,-0.13698392,-0.348109518
0.126926912,-0.0344683,0.15490414,-0.207248495,-0.094448605,-0.062451303,-0.09593256,0.546349413,-0.348109518
-0.167190735,-0.165121566,-0.058210614,0.035175747,-0.042439149,-0.03115473,-0.0212101,-0.170317253,-0.348109518
-0.167190735,-0.185222069,-0.041817171,0.025074737,0.041485201,0.073167177,-0.000287812,-0.08698392,-0.348109518
0.185750441,0.015782957,0.007363156,0.126084838,0.15968851,-0.096728501,-0.132653311,0.06301608,-0.348109518
-0.167190735,-0.119895435,0.007363156,0.196791909,-0.094448605,0.091050933,-0.108315139,-0.053650587,-0.348109518
0.24457397,-0.054568802,0.056543484,-0.207248495,-0.094448605,-0.062451303,-0.100202415,0.41301608,-0.348109518
0.421044559,-0.089744682,-0.009030286,0.196791909,-0.094448605,0.211766283,-0.147597803,0.146349413,-0.348109518
0.421044559,-0.180196943,0.040150042,-0.207248495,-0.094448605,-0.028174104,-0.073302329,0.029682747,-0.348109518
0.126926912,0.020808082,0.056543484,-0.207248495,-0.094448605,0.026967475,-0.14973273,0.346349413,0.651890482
-0.226014265,0.387642253,-0.025423729,0.115983828,0.229428463,0.138740948,0.012948738,-0.08698392,0.651890482
-0.167190735,-0.170146692,-0.009030286,0.136185848,-0.003432057,0.083599368,-0.030176795,-0.153650587,-0.348109518
0.126926912,-0.109845184,-0.074604057,-0.015329303,-0.030618818,-0.075864119,0.010813811,-0.020317253,-0.348109518
-0.226014265,-0.150046189,0.08933037,-0.207248495,-0.094448605,0.006103094,0.055220301,-0.103650587,-0.348109518
-0.108367206,-0.129945687,-0.123784385,-0.065834354,0.009570307,-0.087786623,0.117987167,-0.18698392,-0.348109518
-0.167190735,-0.109845184,0.023756599,0.095781808,-0.07317201,0.098502498,-0.025479955,-0.203650587,-0.348109518
0.126926912,-0.145021064,-0.058210614,0.115983828,0.054487565,0.000141842,-0.165104208,0.21301608,-0.348109518
0.009279853,0.166536725,0.023756599,0.085680798,0.054487565,-0.010290349,-0.057076881,0.06301608,-0.348109518
-0.226014265,0.00070758,-0.025423729,0.095781808,0.100586856,0.03441904,-0.114719921,-0.003650587,0.651890482
-0.049543677,-0.215372822,0.007363156,-0.207248495,-0.094448605,0.007593407,-0.086111894,0.096349413,-0.348109518
-0.108367206,0.04593371,0.220477911,-0.207248495,-0.094448605,-0.139947577,-0.086965865,-0.203650587,-0.348109518
-0.049543677,-0.049543677,-0.090997499,0.105882818,-0.042439149,-0.037115982,-0.017794216,-0.18698392,-0.348109518
-0.108367206,-0.11487031,-0.074604057,-0.035531324,0.047395366,0.040380292,-0.116854848,-0.18698392,-0.348109518
-0.167190735,0.111260343,0.138510697,0.095781808,0.295622317,-0.028174104,0.179473077,-0.170317253,-0.348109518
-0.167190735,-0.009342672,-0.205751598,0.267498979,-0.01998052,0.052302796,-0.081842039,-0.13698392,-0.348109518
0.126926912,-0.064619054,-0.205751598,-0.005228293,0.059215697,-0.119083195,0.145741223,0.029682747,-0.348109518
-0.108367206,-0.014367797,0.08933037,-0.207248495,-0.094448605,0.162585955,0.094502966,-0.203650587,0.651890482
0.362221029,0.061009087,-0.009030286,-0.207248495,-0.094448605,-0.074373806,-0.096786531,0.046349413,-0.348109518
-0.108367206,0.382617127,0.007363156,0.792751505,-0.094448605,0.040380292,0.044118679,0.479682747,0.651890482
-0.226014265,0.151461348,0.171297583,0.257397969,-0.094448605,0.150663452,-0.04298636,-0.203650587,0.651890482
0.126926912,-0.059593928,-0.074604057,0.065478777,-0.094448605,-0.104180066,-0.113438964,-0.103650587,-0.348109518
0.479868088,0.00070758,0.072936927,-0.035531324,-0.094448605,-0.081825371,-0.090808734,0.479682747,-0.348109518
0.24457397,-0.104820059,0.056543484,-0.207248495,-0.094448605,0.099992811,-0.120270732,0.146349413,-0.348109518
0.24457397,0.015782957,0.056543484,0.035175747,0.614771253,-0.049038486,0.091941053,0.31301608,0.651890482
-0.167190735,-0.139995938,-0.107390942,-0.096137384,-0.094448605,-0.14143789,-0.023345028,-0.18698392,-0.348109518
0.24457397,0.111260343,-0.025423729,-0.207248495,-0.094448605,0.043360918,-0.146316847,0.129682747,0.651890482
0.126926912,-0.089744682,-0.025423729,-0.207248495,-0.094448605,-0.114612256,-0.095078589,-0.070317253,-0.348109518
-0.049543677,0.277089489,0.138510697,0.065478777,0.089948558,0.019515911,0.291343273,0.31301608,0.651890482
-0.226014265,-0.240498451,-0.566407335,-0.207248495,-0.094448605,-0.162302271,-0.055368939,-0.13698392,-0.348109518
0.421044559,-0.049543677,0.122117255,0.196791909,-0.094448605,0.220708161,0.193563597,0.196349413,0.651890482
-0.108367206,-0.044518551,0.072936927,0.29780201,0.071036028,0.110425002,-0.126675514,-0.153650587,-0.348109518
-0.049543677,0.055983962,0.08933037,-0.207248495,-0.094448605,0.035909353,-0.02974981,0.179682747,0.651890482
-0.108367206,-0.19527232,-0.140177827,0.014973727,0.041485201,-0.052019112,0.524050361,-0.13698392,-0.348109518
0.126926912,0.010757831,0.023756599,0.247296959,0.177419007,0.023986849,0.111582385,0.01301608,-0.348109518
-0.226014265,0.337390997,0.105723812,-0.065834354,0.124227517,0.000141842,0.089806125,-0.18698392,0.651890482
-0.226014265,-0.270649204,0.056543484,-0.207248495,-0.094448605,0.198353466,-0.11856279,0.21301608,-0.348109518
-0.167190735,-0.16009644,-0.369686024,-0.015329303,-0.064897778,-0.062451303,0.037286911,-0.203650587,-0.348109518
-0.167190735,0.262014112,0.040150042,-0.207248495,-0.094448605,0.071676864,-0.163823251,0.079682747,0.651890482
-0.167190735,-0.059593928,-0.254931926,-0.025430314,0.047395366,-0.132496012,-0.027614882,-0.120317253,-0.348109518
-0.167190735,-0.064619054,0.15490414,-0.015329303,-0.094448605,-0.072883493,-0.030603781,-0.153650587,-0.348109518
0.126926912,-0.124920561,-0.566407335,-0.207248495,-0.094448605,-0.123554134,-0.120270732,-0.08698392,-0.348109518
-0.167190735,0.015782957,0.040150042,0.156387868,-0.094448605,-0.062451303,-0.158699426,-0.053650587,-0.348109518
0.185750441,0.146436223,0.072936927,0.085680798,0.054487565,0.047831857,0.09407598,0.346349413,0.651890482
0.009279853,0.312265369,-0.566407335,-0.207248495,-0.094448605,-0.053509425,-0.110877052,0.046349413,0.651890482
-0.167190735,0.015782957,-0.074604057,0.115983828,-0.094448605,0.056773735,0.018072564,-0.203650587,-0.348109518
-0.167190735,0.302215117,0.072936927,0.216993929,0.251887092,0.119366879,0.335749763,-0.18698392,0.651890482
-0.167190735,-0.145021064,-0.058210614,0.045276757,-0.045985248,-0.186147279,0.004409029,-0.13698392,-0.348109518
-0.226014265,0.156486474,0.105723812,0.186690899,0.227064397,0.141721574,-0.086111894,-0.103650587,-0.348109518
-0.167190735,-0.049543677,-0.058210614,-0.075935364,0.120681418,-0.119083195,-0.142473977,-0.170317253,-0.348109518
-0.049543677,-0.074669305,-0.123784385,0.004872717,0.092312624,-0.016251601,-0.076718213,-0.153650587,-0.348109518
-0.049543677,0.267039238,-0.090997499,0.014973727,0.134865815,0.013554659,0.051804417,0.046349413,0.651890482
0.185750441,0.236888484,0.15490414,0.216993929,0.284984019,0.092541246,0.134639601,0.11301608,0.651890482
0.126926912,-0.07969443,0.08933037,0.075579787,-0.094448605,0.007593407,0.17349528,-0.120317253,-0.348109518
0.421044559,0.086134715,0.040150042,0.055377767,0.075764161,0.061244674,0.03643294,0.279682747,0.651890482
-0.049543677,-0.074669305,0.023756599,-0.207248495,-0.094448605,-0.092257562,-0.113011979,-0.103650587,-0.348109518
0.126926912,-0.019392923,0.220477911,-0.207248495,-0.094448605,-0.049038486,-0.134361253,-0.053650587,-0.348109518
-0.108367206,-0.265624079,-0.058210614,-0.075935364,-0.076718109,-0.177205401,-0.091662705,-0.170317253,-0.348109518
0.3033975,-0.044518551,0.105723812,0.035175747,-0.094448605,-0.056490051,0.345997415,0.279682747,0.651890482
-0.226014265,-0.009342672,-0.566407335,-0.207248495,-0.094448605,0.006103094,-0.141193021,-0.153650587,0.651890482
-0.108367206,-0.044518551,0.138510697,0.216993929,0.09467669,0.095521872,-0.096359545,-0.08698392,-0.348109518
-0.108367206,-0.145021064,0.056543484,-0.005228293,-0.094448605,-0.116102569,0.523623375,-0.08698392,-0.348109518
0.126926912,0.312265369,0.204084468,-0.207248495,-0.094448605,0.131289383,0.422427816,0.196349413,-0.348109518
-0.226014265,-0.134970812,0.007363156,0.065478777,0.041485201,0.171527833,-0.053234011,-0.203650587,-0.348109518
-0.108367206,-0.064619054,-0.041817171,-0.207248495,-0.094448605,-0.017741914,-0.133934268,-0.203650587,-0.348109518
0.009279853,-0.155071315,0.15490414,0.267498979,-0.030618818,0.085089681,-0.046829229,-0.070317253,-0.348109518
-0.226014265,0.020808082,-0.009030286,-0.207248495,-0.094448605,-0.108651004,-0.113438964,-0.203650587,-0.348109518
-0.226014265,0.055983962,0.072936927,-0.207248495,-0.094448605,0.006103094,-0.033592679,-0.203650587,-0.348109518
0.068103382,0.035883459,0.08933037,-0.207248495,-0.094448605,0.038889979,-0.139912064,0.196349413,-0.348109518
0.009279853,-0.134970812,-0.03362045,0.014973727,-0.094448605,-0.108651004,-0.138204122,-0.203650587,-0.348109518
0.185750441,-0.0344683,-0.041817171,-0.207248495,-0.094448605,-0.068412554,0.111155399,0.01301608,0.651890482
-0.226014265,-0.094769807,0.072936927,0.196791909,0.011934373,0.037399666,-0.099775429,-0.153650587,-0.348109518
-0.108367206,-0.049543677,-0.074604057,-0.207248495,-0.094448605,-0.08629631,-0.054941953,-0.170317253,-0.348109518
-0.167190735,0.035883459,0.105723812,-0.035531324,0.121863451,-0.066922241,-0.152294643,-0.18698392,-0.348109518
0.362221029,-0.145021064,-0.058210614,-0.207248495,-0.094448605,-0.090767249,-0.130091398,-0.03698392,-0.348109518
0.538691617,-0.084719556,0.023756599,-0.207248495,-0.094448605,-0.011780662,-0.002849724,0.079682747,0.651890482
0.068103382,-0.084719556,0.040150042,-0.207248495,-0.094448605,-0.047548173,-0.136069195,0.246349413,-0.348109518
-0.108367206,-0.134970812,0.056543484,-0.025430314,-0.016434421,-0.00581941,0.075715604,-0.170317253,-0.348109518
0.185750441,-0.119895435,0.056543484,0.115983828,0.013116406,0.132779696,0.170506381,-0.020317253,0.651890482
-0.167190735,-0.104820059,0.040150042,-0.086036374,-0.040075083,-0.186147279,-0.137777137,-0.08698392,-0.348109518
-0.226014265,-0.094769807,0.138510697,-0.035531324,0.02966487,-0.040096608,0.095356936,-0.103650587,-0.348109518
0.009279853,0.035883459,0.007363156,-0.207248495,-0.094448605,0.03441904,-0.072021373,-0.153650587,-0.348109518
0.126926912,0.131360846,0.08933037,-0.207248495,-0.094448605,-0.037115982,-0.125394558,0.279682747,0.651890482
0.009279853,-0.155071315,-0.566407335,-0.207248495,-0.094448605,-0.059470677,0.05906317,-0.03698392,-0.348109518
-0.049543677,-0.089744682,0.023756599,0.095781808,0.085220425,-0.065431928,0.110301428,-0.103650587,-0.348109518
-0.108367206,0.181612102,0.040150042,0.146286858,0.425645957,0.110425002,-0.144181919,-0.053650587,-0.348109518
-0.167190735,0.231863359,0.040150042,-0.035531324,0.075764161,-0.128025073,-0.010535463,-0.003650587,0.651890482
-0.226014265,0.292164866,-0.15657127,0.156387868,0.093494657,0.086579994,-0.007119579,-0.18698392,0.651890482
0.421044559,0.076084464,0.122117255,0.146286858,0.059215697,-0.054999738,-0.090381748,0.146349413,0.651890482
-0.226014265,-0.069644179,-0.074604057,0.045276757,-0.094448605,-0.083315684,-0.144608905,-0.170317253,-0.348109518
-0.167190735,-0.150046189,-0.123784385,0.045276757,0.023754704,-0.10119944,-0.101483371,-0.170317253,-0.348109518
-0.167190735,-0.019392923,-0.074604057,0.025074737,0.030846903,0.026967475,-0.002422739,-0.103650587,-0.348109518
0.068103382,0.010757831,0.040150042,0.196791909,-0.003432057,0.031438414,-0.086538879,-0.08698392,-0.348109518
-0.108367206,-0.004317546,-0.123784385,-0.207248495,-0.094448605,-0.077354432,-0.007119579,-0.103650587,-0.348109518
-0.167190735,-0.074669305,0.007363156,0.075579787,0.065125863,0.032928727,-0.140766035,-0.18698392,-0.348109518
-0.108367206,0.171561851,-0.140177827,0.065478777,0.543849267,0.099992811,-0.098921458,-0.13698392,0.651890482
-0.108367206,-0.099794933,-0.090997499,0.146286858,0.011934373,-0.15187008,-0.135215224,-0.18698392,-0.348109518
-0.167190735,-0.004317546,0.08933037,0.277599989,0.141958014,0.102973437,0.294759157,0.129682747,-0.348109518
0.421044559,0.030858333,0.302445124,-0.207248495,-0.094448605,0.10446375,-0.120270732,0.296349413,-0.348109518
-0.049543677,-0.205322571,0.105723812,0.105882818,-0.011706289,0.032928727,0.35026727,-0.103650587,0.651890482
0.362221029,0.20673773,0.122117255,-0.207248495,-0.094448605,-0.063941615,-0.123686616,0.346349413,-0.348109518
-0.167190735,0.392667379,0.056543484,0.227094939,-0.094448605,0.162585955,0.393819789,-0.18698392,0.651890482
0.24457397,0.231863359,0.302445124,0.257397969,0.17860104,0.083599368,-0.130945369,0.16301608,0.651890482
0.3033975,0.121310595,0.08933037,0.257397969,0.059215697,0.088070307,0.070591778,0.11301608,0.651890482
0.126926912,-0.029443174,-0.074604057,0.186690899,-0.094448605,0.025477162,-0.096786531,0.11301608,0.651890482
-0.167190735,-0.044518551,0.08933037,0.247296959,0.061579763,0.041870605,-0.108742124,-0.153650587,-0.348109518
0.009279853,0.121310595,0.105723812,-0.025430314,-0.094448605,0.007593407,-0.101056385,0.61301608,0.651890482
0.362221029,-0.049543677,0.007363156,0.065478777,-0.094448605,-0.066922241,-0.141193021,0.11301608,0.651890482
0.126926912,-0.11487031,-0.090997499,0.126084838,0.130137683,0.029948101,-0.017794216,0.16301608,-0.348109518
0.3033975,0.166536725,0.072936927,0.095781808,0.023754704,-0.016251601,-0.131372355,0.196349413,-0.348109518
0.126926912,0.221813107,-0.009030286,0.055377767,0.104132955,0.023986849,0.068029866,0.26301608,-0.348109518
-0.167190735,-0.109845184,-0.090997499,-0.106238394,-0.094448605,-0.098218814,0.033871027,-0.203650587,-0.348109518
0.362221029,-0.265624079,0.302445124,0.025074737,-0.036528984,0.052302796,-0.079707111,0.229682747,-0.348109518
-0.049543677,0.010757831,0.253264796,0.146286858,0.189239338,0.377191022,0.174349251,-0.18698392,-0.348109518
0.24457397,-0.150046189,0.105723812,-0.207248495,-0.094448605,0.053793109,0.049242504,0.579682747,-0.348109518
0.126926912,0.372566876,0.007363156,-0.207248495,-0.094448605,-0.016251601,-0.061346736,-0.03698392,0.651890482
0.3033975,0.176586977,0.138510697,-0.207248495,-0.094448605,-0.107160691,-0.103191313,0.329682747,0.651890482
-0.226014265,-0.139995938,-0.074604057,-0.207248495,-0.094448605,0.04932217,-0.089100792,-0.13698392,-0.348109518
-0.049543677,0.00070758,-0.140177827,-0.207248495,-0.094448605,0.059754361,-0.147170818,-0.13698392,0.651890482
-0.108367206,-0.099794933,-0.090997499,-0.035531324,0.218790165,-0.116102569,0.060771112,-0.170317253,-0.348109518
-0.108367206,-0.325925586,-0.107390942,0.075579787,-0.041257116,-0.116102569,-0.059638794,-0.18698392,-0.348109518
-0.226014265,0.20673773,0.056543484,0.156387868,-0.094448605,0.262436924,-0.045975258,-0.120317253,0.651890482
-0.226014265,-0.129945687,-0.041817171,0.186690899,0.02966487,0.187921276,-0.045121287,-0.18698392,-0.348109518
0.009279853,0.020808082,0.08933037,-0.207248495,-0.094448605,0.004612781,0.027466245,-0.103650587,0.651890482
0.068103382,0.076084464,0.105723812,-0.207248495,-0.094448605,-0.476758307,0.071872735,0.596349413,-0.348109518
-0.108367206,0.040908585,0.040150042,0.055377767,0.147868179,0.018025598,0.050950446,-0.13698392,-0.348109518
-0.049543677,0.04593371,-0.041817171,-0.207248495,-0.094448605,-0.132496012,-0.067324532,-0.18698392,-0.348109518
-0.167190735,-0.069644179,-0.15657127,-0.015329303,-0.094448605,-0.054999738,-0.124113602,-0.070317253,-0.348109518
-0.167190735,0.096184967,0.040150042,0.055377767,0.118317352,-0.117592882,0.152146006,-0.170317253,-0.348109518
-0.167190735,0.116285469,0.105723812,0.257397969,0.118317352,0.21027597,-0.058357837,0.21301608,0.651890482
0.24457397,-0.069644179,0.08933037,-0.207248495,-0.094448605,-0.110141317,0.164101599,0.01301608,-0.348109518
0.538691617,0.186637228,0.368018894,-0.207248495,-0.094448605,0.153644078,-0.091662705,0.179682747,0.651890482
-0.108367206,0.00070758,0.007363156,0.115983828,0.017844539,0.105954063,0.176911164,-0.170317253,-0.348109518
0.185750441,0.040908585,-0.009030286,0.287701,0.053305532,0.097012185,-0.013951347,0.16301608,0.651890482
-0.108367206,-0.155071315,-0.074604057,-0.207248495,-0.094448605,-0.12653476,-0.119843747,-0.13698392,-0.348109518
0.185750441,0.106235218,0.171297583,0.035175747,0.472927281,-0.023703165,-0.146743832,0.16301608,0.651890482
-0.049543677,0.24191361,0.040150042,-0.015329303,0.053305532,-0.03115473,-0.086965865,-0.03698392,0.651890482
-0.226014265,-0.109845184,-0.566407335,-0.207248495,-0.094448605,-0.104180066,-0.093370647,-0.18698392,-0.348109518
0.009279853,0.030858333,0.15490414,-0.096137384,0.088766525,0.037399666,0.053939345,-0.08698392,-0.348109518
0.009279853,-0.014367797,0.007363156,-0.207248495,-0.094448605,0.186430963,0.184596902,-0.120317253,-0.348109518
-0.108367206,0.005732705,0.056543484,0.065478777,0.141958014,0.058264048,0.004836014,-0.120317253,-0.348109518
0.126926912,0.020808082,0.072936927,0.105882818,-0.094448605,-0.065431928,0.039848824,0.26301608,0.651890482
-0.167190735,0.236888484,0.15490414,0.085680798,-0.094448605,0.044851231,0.185023888,0.31301608,0.651890482
-0.108367206,0.040908585,-0.566407335,-0.207248495,-0.094448605,0.097012185,-0.071594387,0.129682747,-0.348109518
0.009279853,-0.054568802,0.056543484,-0.005228293,0.023754704,-0.053509425,-0.151013687,-0.103650587,-0.348109518
0.126926912,-0.205322571,0.08933037,0.156387868,-0.094448605,0.116386253,-0.125821543,-0.08698392,-0.348109518
0.362221029,-0.029443174,-0.566407335,-0.207248495,-0.094448605,-0.476758307,-0.089954763,-0.053650587,0.651890482
-0.108367206,0.030858333,-0.189358155,0.004872717,0.301532482,0.035909353,-0.126248529,-0.18698392,-0.348109518
0.3033975,0.216787982,0.072936927,-0.207248495,-0.094448605,0.012064346,-0.138204122,0.196349413,0.651890482
-0.108367206,-0.139995938,-0.041817171,0.115983828,0.09467669,0.08956062,0.086390241,-0.170317253,0.651890482
-0.049543677,0.186637228,-0.041817171,-0.075935364,0.362998203,-0.011780662,-0.075437257,-0.153650587,-0.348109518
0.068103382,0.025833208,0.072936927,0.065478777,-0.068443877,-0.035625669,-0.013951347,0.11301608,-0.348109518
0.362221029,0.040908585,-0.058210614,0.156387868,-0.094448605,0.137250635,-0.013097376,0.079682747,0.651890482
-0.226014265,0.066034213,-0.090997499,-0.005228293,0.249523026,-0.083315684,-0.051099084,-0.203650587,-0.348109518
-0.049543677,-0.094769807,0.040150042,-0.207248495,-0.094448605,-0.037115982,-0.14973273,-0.020317253,-0.348109518
0.185750441,0.332365871,-0.15657127,0.126084838,0.368908369,0.028457788,0.151292035,0.01301608,0.651890482
-0.049543677,0.262014112,0.072936927,0.186690899,0.124227517,0.026967475,0.212777944,-0.03698392,0.651890482
0.362221029,-0.134970812,0.023756599,-0.025430314,-0.094448605,-0.132496012,0.052658388,0.379682747,-0.348109518
-0.167190735,-0.064619054,-0.074604057,0.257397969,0.115953286,0.052302796,-0.024198999,-0.153650587,-0.348109518
0.068103382,-0.119895435,0.056543484,0.065478777,-0.094448605,0.053793109,-0.039997461,0.31301608,0.651890482
0.009279853,-0.190247194,0.138510697,-0.015329303,-0.094448605,-0.040096608,-0.066043576,0.01301608,-0.348109518
-0.167190735,-0.0344683,-0.025423729,0.156387868,0.141958014,0.091050933,-0.077999169,-0.203650587,-0.348109518
-0.167190735,0.141411097,-0.009030286,0.085680798,0.055669598,-0.040096608,-0.05238004,0.146349413,0.651890482
0.068103382,-0.019392923,0.138510697,0.095781808,0.02966487,0.105954063,-0.094224618,0.146349413,-0.348109518
-0.167190735,-0.049543677,0.204084468,-0.207248495,-0.094448605,0.012064346,-0.088246821,0.196349413,-0.348109518
0.009279853,-0.044518551,0.072936927,0.196791909,-0.094448605,0.110425002,-0.1006294,0.079682747,-0.348109518
-0.167190735,-0.024418049,0.072936927,0.085680798,0.118317352,0.061244674,0.010386825,-0.13698392,-0.348109518
-0.226014265,0.101210092,0.122117255,0.055377767,-0.094448605,0.006103094,-0.01651326,-0.18698392,-0.348109518
-0.108367206,0.272064364,0.15490414,-0.207248495,-0.094448605,-0.135476638,-0.062200707,-0.18698392,-0.348109518
-0.108367206,-0.145021064,-0.140177827,-0.207248495,-0.094448605,-0.028174104,-0.141193021,-0.18698392,-0.348109518
-0.049543677,0.04593371,0.072936927,0.025074737,-0.001067991,-0.053509425,-0.063481663,0.01301608,0.651890482
0.24457397,-0.004317546,0.138510697,-0.207248495,-0.094448605,-0.053509425,-0.090808734,-0.18698392,0.651890482
-0.108367206,0.267039238,0.15490414,0.166488878,0.047395366,0.186430963,0.074434648,-0.153650587,0.651890482
-0.108367206,-0.074669305,-0.107390942,0.065478777,0.100586856,-0.044567547,-0.019502158,-0.18698392,-0.348109518
-0.108367206,-0.07969443,0.048346763,-0.207248495,-0.094448605,-0.129515386,0.037713896,0.329682747,-0.348109518
0.009279853,-0.129945687,-0.074604057,0.115983828,-0.094448605,0.050812483,-0.080134097,-0.08698392,-0.348109518
-0.226014265,0.025833208,0.138510697,0.065478777,0.047395366,-0.068412554,0.01849955,-0.203650587,-0.348109518
0.24457397,-0.280699456,0.023756599,0.025074737,-0.094448605,0.000141842,0.054793316,0.146349413,-0.348109518
-0.108367206,-0.109845184,-0.074604057,-0.035531324,0.09467669,0.068696238,-0.00797355,-0.203650587,-0.348109518
-0.167190735,-0.094769807,0.040150042,-0.207248495,-0.094448605,0.111915314,-0.076291227,0.146349413,0.651890482
0.421044559,-0.004317546,0.08933037,0.166488878,0.082856359,0.153644078,0.13378563,0.246349413,0.651890482
-0.049543677,-0.094769807,-0.205751598,-0.005228293,0.016662506,-0.017741914,-0.030603781,-0.120317253,-0.348109518
-0.167190735,-0.059593928,-0.090997499,-0.025430314,0.042667234,-0.052019112,-0.107888153,-0.18698392,-0.348109518
0.3033975,0.096184967,0.204084468,-0.207248495,-0.094448605,0.010574033,0.11200937,0.196349413,0.651890482
0.538691617,0.1615116,0.15490414,0.166488878,0.071036028,0.128308757,0.299882983,0.096349413,-0.348109518
0.479868088,-0.104820059,0.122117255,0.126084838,0.02966487,-0.029664417,0.006970942,0.21301608,-0.348109518
-0.167190735,0.131360846,0.204084468,0.206892919,-0.094448605,0.257965985,-0.048537171,-0.103650587,0.651890482
-0.167190735,-0.200297446,0.040150042,0.206892919,-0.027072719,0.213256596,0.266578115,-0.020317253,-0.348109518
-0.049543677,0.332365871,0.007363156,0.014973727,0.141958014,0.065715613,-0.027187897,0.046349413,0.651890482
0.126926912,0.20673773,-0.058210614,-0.207248495,-0.094448605,-0.114612256,-0.125394558,0.279682747,0.651890482
0.009279853,0.076084464,0.007363156,-0.207248495,-0.094448605,-0.011780662,0.303298866,-0.18698392,0.651890482
-0.167190735,0.00070758,0.072936927,0.186690899,-0.006978156,0.10446375,-0.089954763,-0.08698392,-0.348109518
-0.049543677,-0.064619054,-0.058210614,0.035175747,-0.094448605,-0.089276936,-0.106180211,-0.13698392,-0.348109518
-0.226014265,0.302215117,0.15490414,0.237195949,0.508388274,0.168547207,-0.106607197,-0.120317253,0.651890482
0.24457397,0.166536725,0.072936927,0.115983828,-0.094448605,0.006103094,-0.012243405,0.196349413,0.651890482
-0.167190735,0.035883459,0.15490414,0.186690899,0.035575035,0.067205925,0.249925681,0.06301608,0.651890482
0.185750441,0.08110959,0.171297583,0.206892919,-0.094448605,0.000141842,-0.03444665,0.096349413,-0.348109518
-0.226014265,0.010757831,0.023756599,-0.207248495,-0.094448605,0.0642253,-0.091235719,0.31301608,0.651890482
-0.167190735,-0.074669305,0.056543484,-0.207248495,-0.094448605,0.082109055,-0.117281834,-0.120317253,-0.348109518
0.126926912,0.347441248,0.187691025,-0.207248495,-0.094448605,0.052302796,-0.08269601,0.546349413,0.651890482
-0.108367206,-0.165121566,-0.090997499,0.055377767,-0.075536076,-0.053509425,0.125672906,-0.18698392,-0.348109518
0.3033975,0.246938735,0.040150042,0.105882818,-0.094448605,0.178979398,-0.029322824,0.16301608,0.651890482
0.3033975,-0.16009644,-0.058210614,-0.207248495,-0.094448605,-0.14143789,-0.140766035,-0.003650587,-0.348109518
0.362221029,-0.099794933,0.056543484,0.277599989,0.118317352,0.013554659,-0.128383456,0.496349413,-0.348109518
-0.108367206,0.005732705,0.007363156,0.065478777,-0.094448605,0.071676864,-0.05622291,-0.103650587,-0.348109518
0.068103382,0.00070758,0.023756599,0.025074737,0.037939101,-0.08629631,-0.096786531,-0.053650587,-0.348109518
-0.167190735,0.025833208,-0.074604057,-0.207248495,-0.094448605,-0.028174104,-0.05238004,0.229682747,0.651890482
-0.167190735,-0.139995938,0.007363156,0.105882818,-0.094448605,-0.023703165,-0.066897547,-0.170317253,-0.348109518
